minutes,signal,perfect,current,forecast,survival,longfade
0.000000,1.600000,0,0,0,0,0
0.500000,1.800000,0,0,0,0,0
1.000000,1.600000,0,0,0,0,0
1.516667,2.200000,0,0,0,0,0
2.000000,2.100000,0,0,0,0,0
2.516667,1.500000,0,0,0,0,0
3.000000,1.800000,0,0,0,0,0
3.516667,1.300000,0,0,0,0,0
4.000000,1.500000,0,0,0,0,0
4.516667,1.600000,0,0,0,0,0
5.000000,1.900000,0,0,0,0,0
5.516667,1.700000,0,0,0,0,0
6.000000,2.300000,0,0,0,0,0
6.516667,2.500000,0,0,0,0,0
7.000000,1.800000,0,0,0,0,0
7.516667,2.200000,0,0,0,0,0
8.000000,1.700000,0,0,0,0,0
8.516667,1.900000,0,0,0,0,0
9.000000,1.900000,0,0,0,0,0
9.500000,1.700000,0,0,0,0,0
10.000000,1.500000,0,0,0,0,0
10.500000,2.100000,0,0,0,0,0
11.000000,1.100000,0,0,0,0,0
11.516667,2.400000,0,0,0,0,0
12.000000,1.800000,0,0,0,0,0
12.516667,1.800000,0,0,0,0,0
13.000000,2.100000,0,0,0,0,0
13.516667,1.700000,0,0,0,0,0
14.000000,1.700000,0,0,0,0,0
14.516667,2.100000,0,0,0,0,0
15.000000,2.100000,0,0,0,0,0
15.516667,2.600000,0,0,0,0,0
16.000000,2.100000,0,0,0,0,0
16.516667,2.100000,0,0,0,0,0
17.000000,3.200000,0,0,0,0,0
17.516667,3.100000,0,0,0,0,0
18.000000,4.100000,0,0,0,0,0
18.516667,4.000000,0,0,0,0,0
19.000000,5.800000,0,0,0,0,0
19.516667,4.800000,0,0,0,0,0
20.000000,3.700000,0,0,0,0,0
20.516667,3.100000,0,0,0,0,0
21.000000,2.900000,0,0,0,0,0
21.516667,6.300000,0,0,0,0,0
22.000000,12.300000,0,0,0,0,1
22.516667,11.400000,0,0,0,0,1
23.000000,11.400000,0,0,0,0,1
23.500000,9.300000,0,0,0,0,1
24.000000,5.700000,0,0,0,0,1
24.516667,6.300000,0,0,0,0,1
25.000000,5.700000,0,0,0,0,1
25.516667,4.600000,0,0,0,0,1
26.000000,4.600000,0,0,0,0,1
26.516667,4.400000,0,0,0,0,1
27.000000,4.900000,0,0,0,0,0
27.500000,3.900000,0,0,0,0,0
28.000000,5.100000,0,0,0,0,0
28.516667,8.500000,0,0,0,0,0
29.000000,9.500000,0,0,0,0,0
29.500000,15.600000,1,0,0,1,1
30.000000,25.700000,1,0,0,1,1
30.500000,33.800000,1,0,0,1,1
31.000000,42.500000,1,0,0,1,1
31.516667,33.000000,1,0,0,1,1
32.000000,28.100000,1,0,0,1,1
32.500000,28.100000,1,0,0,1,1
33.000000,26.100000,1,0,0,1,1
33.516667,22.100000,1,0,0,1,1
34.000000,25.500000,1,0,0,1,1
34.516667,23.400000,1,0,0,1,1
35.000000,17.200000,1,0,0,1,1
35.516667,14.700000,1,0,0,1,1
36.000000,11.400000,1,0,0,1,1
36.500000,10.600000,1,0,0,1,1
37.000000,8.900000,0,0,0,0,0
37.516667,10.000000,0,0,0,0,1
38.000000,9.000000,0,0,0,0,1
38.516667,7.800000,0,0,0,0,1
39.000000,7.300000,0,0,0,0,1
39.516667,6.600000,0,0,0,0,1
40.000000,6.100000,0,0,0,0,1
40.500000,5.500000,0,0,0,0,1
41.000000,4.800000,0,0,0,0,1
41.516667,5.000000,0,0,0,0,1
42.000000,4.600000,0,0,0,0,1
42.500000,4.400000,0,0,0,0,0
43.000000,5.400000,0,0,0,0,0
43.516667,3.700000,0,0,0,0,0
44.000000,4.200000,0,0,0,0,0
44.500000,3.600000,0,0,0,0,0
45.000000,3.600000,0,0,0,0,0
45.500000,3.800000,0,0,0,0,0
46.000000,3.800000,0,0,0,0,0
46.516667,3.600000,0,0,0,0,0
47.000000,3.700000,0,0,0,0,0
47.516667,4.300000,0,0,0,0,0
48.000000,3.700000,0,0,0,0,0
48.516667,4.000000,0,0,0,0,0
49.000000,3.900000,0,0,0,0,0
49.516667,3.300000,0,0,0,0,0
50.000000,3.200000,0,0,0,0,0
50.516667,3.400000,0,0,0,0,0
51.000000,3.900000,0,0,0,0,0
51.516667,4.400000,0,0,0,0,0
52.000000,3.200000,0,0,0,0,0
52.516667,3.000000,0,0,0,0,0
53.000000,2.900000,0,0,0,0,0
53.516667,3.600000,0,0,0,0,0
54.000000,2.800000,0,0,0,0,0
54.516667,2.600000,0,0,0,0,0
55.000000,2.600000,0,0,0,0,0
55.516667,3.200000,0,0,0,0,0
56.000000,3.500000,0,0,0,0,0
56.516667,3.000000,0,0,0,0,0
57.000000,3.700000,0,0,0,0,0
57.516667,3.500000,0,0,0,0,0
58.000000,3.000000,0,0,0,0,0
58.516667,3.500000,0,0,0,0,0
59.000000,3.200000,0,0,0,0,0
59.516667,3.900000,0,0,0,0,0
60.000000,3.900000,0,0,0,0,0
60.500000,4.400000,0,0,0,0,0
61.000000,3.300000,0,0,0,0,0
61.516667,3.600000,0,0,0,0,0
62.000000,3.900000,0,0,0,0,0
62.516667,4.000000,0,0,0,0,0
63.000000,4.400000,0,0,0,0,0
63.516667,3.700000,0,0,0,0,0
64.000000,4.400000,0,0,0,0,0
64.516667,4.300000,0,0,0,0,0
65.000000,5.100000,0,0,0,0,0
65.516667,4.100000,0,0,0,0,0
66.000000,4.900000,0,0,0,0,0
66.516667,5.000000,0,0,0,0,0
67.000000,5.000000,0,0,0,0,0
67.516667,4.000000,0,0,0,0,0
68.000000,5.300000,0,0,0,0,0
68.516667,4.800000,0,0,0,0,0
69.000000,5.100000,0,0,0,0,0
69.516667,5.100000,0,0,0,0,0
70.000000,5.400000,0,0,0,0,0
70.500000,6.000000,0,0,0,0,0
71.000000,5.700000,0,0,0,0,0
71.516667,6.600000,0,0,0,0,0
72.000000,7.500000,0,0,0,0,0
72.516667,7.600000,0,0,0,0,0
73.000000,8.200000,0,0,0,0,0
73.516667,9.100000,0,0,0,0,0
74.000000,8.600000,0,0,0,0,0
74.516667,8.900000,0,0,0,0,0
75.000000,9.500000,0,0,0,0,0
75.516667,9.300000,0,0,0,0,0
76.000000,9.200000,0,0,0,0,0
76.516667,9.200000,0,0,0,0,0
77.000000,9.000000,0,0,0,0,0
77.516667,9.100000,0,0,0,0,0
78.000000,9.600000,0,0,0,0,0
78.516667,10.900000,1,1,0,0,1
79.000000,12.600000,1,1,1,1,1
79.516667,12.200000,1,1,1,1,1
80.000000,14.000000,1,1,1,1,1
80.533333,16.600000,1,1,1,1,1
81.016667,17.000000,1,1,1,1,1
81.516667,17.600000,1,1,1,1,1
82.000000,20.600000,1,1,1,1,1
82.516667,21.500000,1,1,1,1,1
83.000000,26.600000,1,1,1,1,1
83.533333,27.400000,1,1,1,1,1
84.000000,29.400000,1,1,1,1,1
84.516667,26.100000,1,1,1,1,1
85.000000,26.300000,1,1,1,1,1
85.516667,24.600000,1,1,1,1,1
86.016667,23.800000,1,1,1,1,1
86.516667,24.400000,1,1,1,1,1
87.000000,23.600000,1,1,1,1,1
87.516667,20.900000,1,1,1,1,1
88.000000,23.400000,1,1,1,1,1
88.516667,25.000000,1,1,1,1,1
89.000000,24.000000,1,1,1,1,1
89.500000,26.300000,1,1,1,1,1
90.000000,20.500000,1,1,1,1,1
90.516667,18.300000,1,1,1,1,1
91.000000,18.500000,1,1,1,1,1
91.516667,16.900000,1,1,1,1,1
92.000000,15.000000,1,1,1,1,1
92.516667,13.500000,1,1,1,1,1
93.000000,12.600000,1,1,1,1,1
93.516667,14.000000,1,1,1,1,1
94.000000,11.900000,1,1,1,1,1
94.516667,14.300000,1,1,1,1,1
95.000000,14.800000,1,1,1,1,1
95.516667,13.000000,1,1,1,1,1
96.000000,11.500000,1,1,1,1,1
96.516667,11.500000,1,1,1,1,1
97.000000,11.800000,1,1,1,1,1
97.516667,13.300000,1,1,1,1,1
98.000000,14.400000,1,1,1,1,1
98.516667,13.000000,1,1,1,1,1
99.000000,13.800000,1,1,1,1,1
99.516667,12.100000,1,1,1,1,1
100.016667,11.900000,1,1,1,1,1
100.516667,13.000000,1,1,1,1,1
101.000000,13.700000,1,1,1,1,1
101.516667,14.400000,1,1,1,1,1
102.000000,13.900000,1,1,1,1,1
102.516667,13.400000,1,1,1,1,1
103.000000,13.300000,1,1,1,1,1
103.516667,12.600000,1,1,1,1,1
104.000000,13.700000,1,1,1,1,1
104.516667,13.300000,1,1,1,1,1
105.016667,15.700000,1,1,1,1,1
105.516667,16.100000,1,1,1,1,1
106.000000,14.400000,1,1,1,1,1
106.516667,13.100000,1,1,1,1,1
107.000000,11.500000,1,1,1,1,1
107.516667,11.600000,1,1,1,1,1
108.000000,10.500000,1,1,1,1,1
108.516667,11.400000,1,1,1,1,1
109.016667,11.100000,1,1,1,1,1
109.516667,11.900000,1,1,1,1,1
110.016667,13.300000,1,1,1,1,1
110.516667,13.200000,1,1,1,1,1
111.016667,15.600000,1,1,1,1,1
111.516667,16.800000,1,1,1,1,1
112.000000,16.600000,1,1,1,1,1
112.533333,16.700000,1,1,1,1,1
113.016667,17.400000,1,1,1,1,1
113.516667,18.900000,1,1,1,1,1
114.000000,21.800000,1,1,1,1,1
114.516667,19.400000,1,1,1,1,1
115.000000,18.700000,1,1,1,1,1
115.516667,17.300000,1,1,1,1,1
116.016667,16.600000,1,1,1,1,1
116.516667,14.600000,1,1,1,1,1
117.000000,15.200000,1,1,1,1,1
117.516667,13.900000,1,1,1,1,1
118.000000,14.000000,1,1,1,1,1
118.533333,13.600000,1,1,1,1,1
119.000000,13.100000,1,1,1,1,1
119.516667,14.200000,1,1,1,1,1
120.016667,12.600000,1,1,1,1,1
120.533333,12.000000,1,1,1,1,1
121.000000,12.900000,1,1,1,1,1
121.516667,13.200000,1,1,1,1,1
122.000000,14.700000,1,1,1,1,1
122.516667,16.300000,1,1,1,1,1
123.000000,14.000000,1,1,1,1,1
123.516667,13.200000,1,1,1,1,1
124.000000,13.000000,1,1,1,1,1
124.516667,15.000000,1,1,1,1,1
125.016667,12.200000,1,1,1,1,1
125.516667,11.000000,1,1,1,1,1
126.000000,10.000000,1,1,1,1,1
126.516667,9.000000,0,0,1,0,0
127.000000,10.100000,0,0,1,0,1
127.516667,9.800000,0,0,1,0,1
128.016667,10.400000,0,0,1,0,1
128.516667,10.700000,0,0,1,0,1
129.000000,9.900000,0,0,1,0,1
129.516667,9.100000,0,0,0,0,1
130.016667,10.100000,0,0,0,0,1
130.516667,10.400000,0,0,0,0,1
131.016667,10.000000,0,0,0,0,1
131.516667,10.000000,0,0,0,0,1
132.000000,8.800000,0,0,0,0,1
132.516667,8.300000,0,0,0,0,1
133.016667,9.000000,0,0,0,0,1
133.516667,8.900000,0,0,0,0,1
134.000000,8.900000,0,0,0,0,1
134.516667,8.600000,0,0,0,0,1
135.000000,9.300000,0,0,0,0,0
135.516667,9.700000,0,0,0,0,0
136.000000,9.800000,0,0,0,0,0
136.516667,9.200000,0,0,0,0,0
137.000000,9.600000,0,0,0,0,0
137.516667,9.400000,0,0,0,0,0
138.016667,8.900000,0,0,0,0,0
138.533333,9.400000,0,0,0,0,0
139.016667,9.000000,0,0,0,0,0
139.516667,10.400000,0,0,0,0,1
140.016667,10.800000,0,0,0,0,1
140.516667,10.100000,0,0,0,0,1
141.016667,11.900000,0,0,0,0,1
141.516667,8.900000,0,0,0,0,1
142.000000,9.500000,0,0,0,0,1
142.516667,9.800000,0,0,0,0,1
143.000000,8.300000,0,0,0,0,1
143.516667,7.700000,0,0,0,0,1
144.000000,8.300000,0,0,0,0,1
144.516667,8.100000,0,0,0,0,0
145.016667,8.100000,0,0,0,0,0
145.516667,8.900000,0,0,0,0,0
146.000000,8.200000,0,0,0,0,0
146.516667,9.200000,0,0,0,0,0
147.000000,8.400000,0,0,0,0,0
147.516667,8.900000,0,0,0,0,0
148.000000,7.900000,0,0,0,0,0
148.516667,8.300000,0,0,0,0,0
149.000000,9.100000,0,0,0,0,0
149.516667,9.000000,0,0,0,0,0
150.000000,9.700000,0,0,0,0,0
150.516667,11.000000,0,0,0,0,1
151.000000,9.400000,0,0,0,0,1
151.516667,9.500000,0,0,0,0,1
152.000000,11.600000,1,1,0,0,1
152.516667,11.600000,1,1,0,0,1
153.000000,12.200000,1,1,0,0,1
153.516667,12.100000,1,1,0,0,1
154.000000,12.800000,1,1,0,1,1
154.516667,12.600000,1,1,0,1,1
155.000000,13.600000,1,1,0,1,1
155.516667,14.900000,1,1,1,1,1
156.000000,14.700000,1,1,1,1,1
156.516667,14.500000,1,1,1,1,1
157.000000,14.700000,1,1,1,1,1
157.516667,14.500000,1,1,1,1,1
158.000000,13.700000,1,1,1,1,1
158.516667,13.300000,1,1,1,1,1
159.000000,13.000000,1,1,1,1,1
159.516667,12.300000,1,1,1,1,1
160.016667,12.500000,1,1,1,1,1
160.516667,12.600000,1,1,1,1,1
161.000000,12.100000,1,1,1,1,1
161.516667,11.700000,1,1,1,1,1
162.000000,11.100000,1,1,1,1,1
162.516667,10.800000,1,1,1,1,1
163.000000,9.900000,0,0,0,1,0
163.516667,11.200000,1,0,0,1,1
164.000000,12.300000,1,0,0,1,1
164.516667,13.500000,1,0,0,1,1
165.000000,13.400000,1,0,0,1,1
165.516667,14.700000,1,0,1,1,1
166.016667,14.800000,1,0,1,1,1
166.516667,18.000000,1,1,1,1,1
167.000000,20.200000,1,1,1,1,1
167.516667,19.700000,1,1,1,1,1
168.000000,22.100000,1,1,1,1,1
168.516667,20.300000,1,1,1,1,1
169.000000,22.200000,1,1,0,1,1
169.516667,20.800000,1,1,0,1,1
170.016667,18.700000,1,1,0,1,1
170.516667,19.100000,1,1,0,1,1
171.033333,20.600000,1,1,0,1,1
171.516667,20.600000,1,1,0,1,1
172.000000,18.000000,1,1,0,1,1
172.516667,17.000000,1,1,0,1,1
173.000000,15.200000,1,0,0,1,1
173.516667,17.600000,1,0,0,0,1
