dataset_name,window_name,window_samples,status,num_valid_points,rolling_mean_min,rolling_mean_max,rolling_mean_range,rolling_median_min,rolling_median_max,rolling_median_range,rolling_std_median,rolling_std_q95,rolling_q05_median,rolling_q95_median
DOWNLINK-FADE_Fucino_GX4_MarJun2021.csv,short,120,ok,338162,-9.9,9.827500000000002,19.727500000000003,-9.9,9.9,19.8,0.1427128122441142,0.2576060739594361,0.1,0.5049999999999997
DOWNLINK-FADE_Fucino_GX4_MarJun2021.csv,medium,720,ok,337562,-4.776944444444444,3.286388888888889,8.063333333333333,-0.4,2.6,3.0,0.15811730376357241,0.5917366769552832,0.0,0.6
DOWNLINK-FADE_Fucino_GX4_MarJun2021.csv,long,2880,ok,335402,-1.1298611111111112,1.465763888888889,2.595625,-0.3,1.0,1.3,0.21963199507074227,0.9570509618674443,0.0,0.8
DOWNLINK-FADE_Fucino_GX5_AprJun2021.csv,short,120,ok,256400,-0.2525,3.515833333333333,3.768333333333333,-0.1,3.6,3.7,0.12499579824865395,0.521484457015024,0.495,0.9
DOWNLINK-FADE_Fucino_GX5_AprJun2021.csv,medium,720,ok,255800,-0.10000000000000002,1.954027777777778,2.054027777777778,-0.1,1.7,1.8,0.13876504291398628,0.5519586057168627,0.4,0.9
DOWNLINK-FADE_Fucino_GX5_AprJun2021.csv,long,2880,ok,253640,-0.0225,1.3761458333333334,1.3986458333333334,-0.0,1.3,1.3,0.18130268841652067,0.5097448807180663,0.4,1.0
UPLINK-FADE_Fucino_GX4_AprJun2021.csv,short,120,ok,259873,-9.9,12.3125,22.2125,-9.9,10.5,20.4,0.28147271760576603,0.5467648674460127,0.0,1.0
UPLINK-FADE_Fucino_GX4_AprJun2021.csv,medium,720,ok,259273,-4.810694444444445,5.088611111111112,9.899305555555557,-0.7,5.1,5.8,0.3137236050828304,1.2245083316520295,-0.1,1.1
UPLINK-FADE_Fucino_GX4_AprJun2021.csv,long,2880,ok,257113,-1.0746527777777777,2.599791666666667,3.6744444444444446,-0.6,2.0,2.6,0.43799845761714606,1.7765281239491715,-0.2,1.3
UPLINK-FADE_Fucino_GX5_AprJun2021.csv,short,120,ok,256400,-0.32416666666666666,7.996666666666667,8.320833333333333,-0.2,8.2,8.399999999999999,0.2872397128374804,0.9497017812866297,1.1,2.0
UPLINK-FADE_Fucino_GX5_AprJun2021.csv,medium,720,ok,255800,-0.17791666666666667,4.564305555555555,4.742222222222222,-0.2,3.9,4.1,0.31953299787790723,0.7925420117335049,1.0,2.2
UPLINK-FADE_Fucino_GX5_AprJun2021.csv,long,2880,ok,253640,0.004826388888888886,3.2319791666666666,3.2271527777777775,-0.0,3.0,3.0,0.4033828738891076,0.7871178198435825,1.0,2.3
dati_meteo_beacon.csv,short,120,ok,483912,-0.7308333333333334,22.144999999999996,22.87583333333333,-0.7,27.9,28.599999999999998,0.18919703540807803,0.383481581368458,0.3,0.9049999999999997
dati_meteo_beacon.csv,medium,720,ok,483312,-0.6234722222222223,8.288472222222222,8.911944444444444,-0.6,3.8,4.3999999999999995,0.19774966418764672,0.775864543125477,0.3,1.0
dati_meteo_beacon.csv,long,2880,ok,481152,-0.5254166666666666,2.5404861111111114,3.065902777777778,-0.55,1.5,2.05,0.2393590733241487,1.2067212660498476,0.3,1.1
fc-downlink-fade.csv,short,120,ok,380447,-0.7308333333333334,7.5575,8.288333333333334,-0.7,6.7,7.4,0.18890811128614124,0.3180120322581854,0.4,1.0
fc-downlink-fade.csv,medium,720,ok,379847,-0.6234722222222223,4.197361111111111,4.820833333333334,-0.6,2.8,3.4,0.19868132730385987,0.7137137442626614,0.4,1.0
fc-downlink-fade.csv,long,2880,ok,377687,-0.5254166666666666,2.185347222222222,2.7107638888888888,-0.55,1.5,2.05,0.24215238614450604,1.1991293365879465,0.3,1.2
fc-uplink-fade.csv,short,120,ok,378072,-1.4058333333333333,15.061666666666667,16.4675,-1.4,13.350000000000001,14.750000000000002,0.3738277663296349,0.6194751585683582,0.7,1.9049999999999996
fc-uplink-fade.csv,medium,720,ok,377472,-1.19625,7.513194444444444,8.709444444444443,-1.2,5.0,6.2,0.3937266671895688,1.3670060246538074,0.7,2.0
fc-uplink-fade.csv,long,2880,ok,375312,-1.003125,4.130208333333333,5.133333333333333,-1.05,3.0,4.05,0.4769901923137825,2.3984345160812497,0.6,2.3
uplink_beacon_data_fucino_GX4.csv,short,120,ok,481596,-1.4058333333333333,44.23833333333333,45.64416666666666,-1.4,55.7,57.1,0.3741507657583011,0.7857358190251156,0.6,1.8049999999999997
uplink_beacon_data_fucino_GX4.csv,medium,720,ok,480996,-1.19625,16.526944444444446,17.723194444444445,-1.2,7.5,8.7,0.39178126929857343,1.5471747494543455,0.5,1.9
uplink_beacon_data_fucino_GX4.csv,long,2880,ok,478836,-1.003125,5.030590277777777,6.033715277777777,-1.05,3.0,4.05,0.47192546400666274,2.414073411449836,0.5,2.2
