dataset_name,condition,threshold,num_runs,max_run_samples,median_run_samples,num_runs_at_least_10_samples,num_runs_at_least_20_samples
DOWNLINK-FADE_Fucino_GX4_MarJun2021.csv,above_q90,0.9,9569,1075,1.0,253,99
DOWNLINK-FADE_Fucino_GX4_MarJun2021.csv,above_q95,1.1,3179,1027,1.0,97,50
DOWNLINK-FADE_Fucino_GX4_MarJun2021.csv,above_q99,2.0,264,315,2.0,61,35
DOWNLINK-FADE_Fucino_GX4_MarJun2021.csv,below_q10,-0.1,14297,345,1.0,293,54
DOWNLINK-FADE_Fucino_GX4_MarJun2021.csv,below_q05,-0.2,8038,345,1.0,60,6
DOWNLINK-FADE_Fucino_GX4_MarJun2021.csv,below_q01,-0.4,1125,345,1.0,2,2
DOWNLINK-FADE_Fucino_GX5_AprJun2021.csv,above_q90,1.2,9313,196,1.0,147,48
DOWNLINK-FADE_Fucino_GX5_AprJun2021.csv,above_q95,1.3,4902,157,1.0,65,39
DOWNLINK-FADE_Fucino_GX5_AprJun2021.csv,above_q99,1.5,614,145,1.0,39,22
DOWNLINK-FADE_Fucino_GX5_AprJun2021.csv,below_q10,0.1,8734,46,1.0,78,8
DOWNLINK-FADE_Fucino_GX5_AprJun2021.csv,below_q05,-0.0,4180,22,1.0,4,1
DOWNLINK-FADE_Fucino_GX5_AprJun2021.csv,below_q01,-0.1,1228,6,1.0,0,0
UPLINK-FADE_Fucino_GX4_AprJun2021.csv,above_q90,1.7,7081,1075,1.0,255,88
UPLINK-FADE_Fucino_GX4_AprJun2021.csv,above_q95,2.0,3631,1041,1.0,107,56
UPLINK-FADE_Fucino_GX4_AprJun2021.csv,above_q99,3.8,185,672,2.0,46,22
UPLINK-FADE_Fucino_GX4_AprJun2021.csv,below_q10,-0.3,11228,345,1.0,220,36
UPLINK-FADE_Fucino_GX4_AprJun2021.csv,below_q05,-0.5,6226,345,1.0,34,4
UPLINK-FADE_Fucino_GX4_AprJun2021.csv,below_q01,-0.8,1554,345,1.0,2,2
UPLINK-FADE_Fucino_GX5_AprJun2021.csv,above_q90,2.9,9229,196,1.0,144,48
UPLINK-FADE_Fucino_GX5_AprJun2021.csv,above_q95,3.1,5369,157,1.0,69,40
UPLINK-FADE_Fucino_GX5_AprJun2021.csv,above_q99,3.6,576,145,1.0,37,22
UPLINK-FADE_Fucino_GX5_AprJun2021.csv,below_q10,0.3,10790,83,1.0,234,36
UPLINK-FADE_Fucino_GX5_AprJun2021.csv,below_q05,0.1,7450,21,1.0,32,2
UPLINK-FADE_Fucino_GX5_AprJun2021.csv,below_q01,-0.3,1330,5,1.0,0,0
dati_meteo_beacon.csv,above_q90,1.1,18565,1277,1.0,317,160
dati_meteo_beacon.csv,above_q95,1.3,6512,747,1.0,263,149
dati_meteo_beacon.csv,above_q99,2.7,462,325,2.0,94,60
dati_meteo_beacon.csv,below_q10,0.2,13648,2576,1.0,153,66
dati_meteo_beacon.csv,below_q05,0.1,5038,1690,1.0,172,90
dati_meteo_beacon.csv,below_q01,-0.6,2036,9,1.0,0,0
fc-downlink-fade.csv,above_q90,1.1,17435,1277,1.0,226,104
fc-downlink-fade.csv,above_q95,1.3,5803,338,1.0,184,104
fc-downlink-fade.csv,above_q99,2.4,401,273,2.0,73,43
fc-downlink-fade.csv,below_q10,0.3,14662,5311,1.0,163,74
fc-downlink-fade.csv,below_q05,0.0,1805,711,2.0,234,130
fc-downlink-fade.csv,below_q01,-0.6,2036,9,1.0,0,0
fc-uplink-fade.csv,above_q90,2.2,17042,1277,1.0,225,105
fc-uplink-fade.csv,above_q95,2.6,5665,338,1.0,183,104
fc-uplink-fade.csv,above_q99,4.7,413,212,2.0,73,41
fc-uplink-fade.csv,below_q10,0.5,14663,5311,1.0,163,74
fc-uplink-fade.csv,below_q05,0.0,1805,711,2.0,234,130
fc-uplink-fade.csv,below_q01,-1.2,2034,9,1.0,0,0
uplink_beacon_data_fucino_GX4.csv,above_q90,2.2,18902,1277,1.0,315,161
uplink_beacon_data_fucino_GX4.csv,above_q95,2.6,7134,570,1.0,261,148
uplink_beacon_data_fucino_GX4.csv,above_q99,5.4,758,325,1.0,90,58
uplink_beacon_data_fucino_GX4.csv,below_q10,0.4,20678,2630,1.0,159,76
uplink_beacon_data_fucino_GX4.csv,below_q05,0.1,5037,1690,1.0,172,90
uplink_beacon_data_fucino_GX4.csv,below_q01,-1.1,2434,15,1.0,7,0
