dataset_name,hour,count,mean_signal,median_signal,std_signal,q05_signal,q95_signal
DOWNLINK-FADE_Fucino_GX4_MarJun2021.csv,0,14152,0.3279112492933861,0.3,0.40196104832515056,-0.2,0.9
DOWNLINK-FADE_Fucino_GX4_MarJun2021.csv,1,14139,0.31655704080910957,0.3,0.35955266024101473,-0.2,0.9
DOWNLINK-FADE_Fucino_GX4_MarJun2021.csv,2,14157,0.28600692237055875,0.3,0.3347954856155996,-0.2,0.8
DOWNLINK-FADE_Fucino_GX4_MarJun2021.csv,3,14151,0.2684474595434952,0.2,0.33130449849024196,-0.2,0.8
DOWNLINK-FADE_Fucino_GX4_MarJun2021.csv,4,14153,0.2515085140959514,0.2,0.3660776981635337,-0.2,0.8
DOWNLINK-FADE_Fucino_GX4_MarJun2021.csv,5,14150,0.2177314487632509,0.2,0.3159237940214369,-0.3,0.7
DOWNLINK-FADE_Fucino_GX4_MarJun2021.csv,6,14123,0.23921971252566734,0.2,0.3980449141280717,-0.3,0.8
DOWNLINK-FADE_Fucino_GX4_MarJun2021.csv,7,13995,0.1636513040371561,0.2,1.0128120029785523,-0.3,0.8
DOWNLINK-FADE_Fucino_GX4_MarJun2021.csv,8,14112,0.1867417800453515,0.2,1.003101610071491,-0.3,0.9
DOWNLINK-FADE_Fucino_GX4_MarJun2021.csv,9,13995,0.2360986066452304,0.3,0.9692463793803375,-0.3,0.9
DOWNLINK-FADE_Fucino_GX4_MarJun2021.csv,10,13944,0.2815619621342513,0.3,0.9725084879444059,-0.3,1.0
DOWNLINK-FADE_Fucino_GX4_MarJun2021.csv,11,13996,0.4123892540725922,0.4,0.4717008897892019,-0.3,1.1
DOWNLINK-FADE_Fucino_GX4_MarJun2021.csv,12,14014,0.4795561581275867,0.4,0.8328254859869729,-0.2,1.2
DOWNLINK-FADE_Fucino_GX4_MarJun2021.csv,13,14033,0.46184707475236947,0.4,0.4406261841264738,-0.2,1.1
DOWNLINK-FADE_Fucino_GX4_MarJun2021.csv,14,14031,0.5389993585631815,0.4,0.7618439737048774,-0.2,1.3
DOWNLINK-FADE_Fucino_GX4_MarJun2021.csv,15,14112,0.5507369614512472,0.5,0.5857273162077611,-0.2,1.4
DOWNLINK-FADE_Fucino_GX4_MarJun2021.csv,16,14133,0.5768202080237741,0.5,0.7197305403244131,-0.1,1.4
DOWNLINK-FADE_Fucino_GX4_MarJun2021.csv,17,14005,0.5707675830060693,0.5,0.9902492425875459,-0.2,1.2
DOWNLINK-FADE_Fucino_GX4_MarJun2021.csv,18,14140,0.4882885431400283,0.4,0.592235911825649,-0.2,1.2
DOWNLINK-FADE_Fucino_GX4_MarJun2021.csv,19,14146,0.46199632404920116,0.4,0.6915768133628497,-0.2,1.2
DOWNLINK-FADE_Fucino_GX4_MarJun2021.csv,20,14156,0.37631393048883865,0.3,0.45882746918397954,-0.2,1.0
DOWNLINK-FADE_Fucino_GX4_MarJun2021.csv,21,14157,0.35201667019848837,0.3,0.45251915856852115,-0.2,1.0
DOWNLINK-FADE_Fucino_GX4_MarJun2021.csv,22,14139,0.33372940094773323,0.3,0.45453845741811,-0.2,1.0
DOWNLINK-FADE_Fucino_GX4_MarJun2021.csv,23,14148,0.3267246253887475,0.3,0.4061906453872646,-0.2,0.9
DOWNLINK-FADE_Fucino_GX5_AprJun2021.csv,0,10670,0.664133083411434,0.7,0.49178305173225556,0.0,1.3
DOWNLINK-FADE_Fucino_GX5_AprJun2021.csv,1,10650,0.6849389671361503,0.7,0.4847243220187373,0.0,1.3
DOWNLINK-FADE_Fucino_GX5_AprJun2021.csv,2,10570,0.670321665089877,0.7,0.46662272609238037,0.0,1.3
DOWNLINK-FADE_Fucino_GX5_AprJun2021.csv,3,10670,0.6777038425492035,0.7,0.5153984436681365,0.0,1.3
DOWNLINK-FADE_Fucino_GX5_AprJun2021.csv,4,10673,0.6735969268246979,0.7,0.49564819201266747,-0.0,1.3
DOWNLINK-FADE_Fucino_GX5_AprJun2021.csv,5,10668,0.6182977127859017,0.6,0.47981554517189096,0.0,1.3
DOWNLINK-FADE_Fucino_GX5_AprJun2021.csv,6,10617,0.5722803051709522,0.6,0.4937335360463031,0.0,1.2
DOWNLINK-FADE_Fucino_GX5_AprJun2021.csv,7,10500,0.5590952380952381,0.5,0.5411939442563389,-0.1,1.2
DOWNLINK-FADE_Fucino_GX5_AprJun2021.csv,8,10610,0.5868237511781338,0.6,0.4285808994467676,0.0,1.2
DOWNLINK-FADE_Fucino_GX5_AprJun2021.csv,9,10769,0.6329185625406258,0.6,0.44197277100531684,0.0,1.3
DOWNLINK-FADE_Fucino_GX5_AprJun2021.csv,10,10676,0.6928718621206444,0.7,0.41450826358649157,0.1,1.3
DOWNLINK-FADE_Fucino_GX5_AprJun2021.csv,11,10668,0.7307836520434946,0.7,0.44948755221040215,0.1,1.4
DOWNLINK-FADE_Fucino_GX5_AprJun2021.csv,12,10843,0.7519690122659781,0.7,0.47893319215164004,0.1,1.4
DOWNLINK-FADE_Fucino_GX5_AprJun2021.csv,13,10820,0.7191497227356747,0.7,0.4858200185645299,0.1,1.4
DOWNLINK-FADE_Fucino_GX5_AprJun2021.csv,14,10785,0.73291608715809,0.7,0.5414902427206696,0.1,1.4
DOWNLINK-FADE_Fucino_GX5_AprJun2021.csv,15,10744,0.6768335815338793,0.7,0.4990826433719976,0.0,1.3
DOWNLINK-FADE_Fucino_GX5_AprJun2021.csv,16,10784,0.647264465875371,0.6,0.4321151253631256,0.0,1.3
DOWNLINK-FADE_Fucino_GX5_AprJun2021.csv,17,10723,0.635288631912711,0.6,0.4758058756159694,0.0,1.3
DOWNLINK-FADE_Fucino_GX5_AprJun2021.csv,18,10755,0.6418781961878196,0.6,0.5492956299540089,0.0,1.3
DOWNLINK-FADE_Fucino_GX5_AprJun2021.csv,19,10664,0.6531976744186047,0.6,0.5553057966031002,0.0,1.3
DOWNLINK-FADE_Fucino_GX5_AprJun2021.csv,20,10656,0.6334459459459459,0.6,0.45166357758536374,0.0,1.3
DOWNLINK-FADE_Fucino_GX5_AprJun2021.csv,21,10672,0.6431596701649176,0.6,0.45008570242761275,0.0,1.3
DOWNLINK-FADE_Fucino_GX5_AprJun2021.csv,22,10667,0.6447267272897722,0.7,0.48772009060665844,0.0,1.3
DOWNLINK-FADE_Fucino_GX5_AprJun2021.csv,23,10665,0.6567838724800751,0.7,0.4263181410980544,0.0,1.3
UPLINK-FADE_Fucino_GX4_AprJun2021.csv,0,10883,0.5669392630708444,0.5,0.8237483611587643,-0.4,1.7
UPLINK-FADE_Fucino_GX4_AprJun2021.csv,1,10902,0.5470280682443588,0.4,0.7251847481464541,-0.4,1.7
UPLINK-FADE_Fucino_GX4_AprJun2021.csv,2,10918,0.4838523539109727,0.4,0.6599346254060946,-0.4,1.6
UPLINK-FADE_Fucino_GX4_AprJun2021.csv,3,10913,0.44800696417117203,0.4,0.657117524724816,-0.5,1.5
UPLINK-FADE_Fucino_GX4_AprJun2021.csv,4,10919,0.42017584027841376,0.3,0.753860751371853,-0.5,1.5
UPLINK-FADE_Fucino_GX4_AprJun2021.csv,5,10915,0.33340357306459,0.3,0.594511043402529,-0.6,1.3
UPLINK-FADE_Fucino_GX4_AprJun2021.csv,6,10885,0.38152503445107944,0.3,0.8221793788140673,-0.6,1.5
UPLINK-FADE_Fucino_GX4_AprJun2021.csv,7,10757,0.2738867714046667,0.2,1.3402823948428109,-0.7,1.6
UPLINK-FADE_Fucino_GX4_AprJun2021.csv,8,10878,0.30570876999448426,0.3,1.2760362099342886,-0.7,1.6
UPLINK-FADE_Fucino_GX4_AprJun2021.csv,9,10878,0.40466997609854755,0.4,1.2649387836702717,-0.6,1.8
UPLINK-FADE_Fucino_GX4_AprJun2021.csv,10,10833,0.4927351610818795,0.5,1.2936984477336648,-0.6,1.9
UPLINK-FADE_Fucino_GX4_AprJun2021.csv,11,10910,0.683602199816682,0.6,0.8766502024020961,-0.6,2.0
UPLINK-FADE_Fucino_GX4_AprJun2021.csv,12,10793,0.7546372648939127,0.6,1.1080384904090463,-0.5,2.1
UPLINK-FADE_Fucino_GX4_AprJun2021.csv,13,10800,0.7975462962962963,0.7,0.8507115043322754,-0.5,2.2
UPLINK-FADE_Fucino_GX4_AprJun2021.csv,14,10790,0.9483317886932344,0.7,1.6094777038561239,-0.4,2.3
UPLINK-FADE_Fucino_GX4_AprJun2021.csv,15,10757,0.9616528771962443,0.8,1.1015629980448398,-0.4,2.5
UPLINK-FADE_Fucino_GX4_AprJun2021.csv,16,10796,0.9787884401630234,0.9,0.9857080861056751,-0.3,2.5
UPLINK-FADE_Fucino_GX4_AprJun2021.csv,17,10723,0.904653548447263,0.8,0.9619751425900026,-0.4,2.3
UPLINK-FADE_Fucino_GX4_AprJun2021.csv,18,10780,0.8682931354359926,0.6,1.1898355190366698,-0.4,2.4
UPLINK-FADE_Fucino_GX4_AprJun2021.csv,19,10787,0.847223509780291,0.6,1.4654328539025776,-0.5,2.3
UPLINK-FADE_Fucino_GX4_AprJun2021.csv,20,10796,0.6635235272323082,0.5,0.9308841024195647,-0.5,1.9
UPLINK-FADE_Fucino_GX4_AprJun2021.csv,21,10798,0.6296073346916096,0.5,0.933705280636338,-0.5,1.9
UPLINK-FADE_Fucino_GX4_AprJun2021.csv,22,10793,0.584360233484666,0.4,0.9334995575592567,-0.5,1.8
UPLINK-FADE_Fucino_GX4_AprJun2021.csv,23,10788,0.5675843529847979,0.5,0.8265364683073526,-0.5,1.7
UPLINK-FADE_Fucino_GX5_AprJun2021.csv,0,10670,1.582183692596064,1.6,1.0492441173197513,0.1,3.1
UPLINK-FADE_Fucino_GX5_AprJun2021.csv,1,10650,1.6306666666666665,1.7,1.0313165786982446,0.1,3.2
UPLINK-FADE_Fucino_GX5_AprJun2021.csv,2,10570,1.5968590350047303,1.6,1.0071706068370818,0.1,3.1
UPLINK-FADE_Fucino_GX5_AprJun2021.csv,3,10670,1.6195032802249296,1.6,1.0464876992024248,0.1,3.2
UPLINK-FADE_Fucino_GX5_AprJun2021.csv,4,10673,1.6047315656329053,1.6,1.0584594906028908,0.1,3.1
UPLINK-FADE_Fucino_GX5_AprJun2021.csv,5,10668,1.4760967379077616,1.5,0.9985432657727882,0.03500000000000227,3.0
UPLINK-FADE_Fucino_GX5_AprJun2021.csv,6,10617,1.36716586606386,1.3,1.0557604760686643,-0.1,2.9
UPLINK-FADE_Fucino_GX5_AprJun2021.csv,7,10500,1.3425714285714285,1.3,1.0757742665368781,-0.1,2.9
UPLINK-FADE_Fucino_GX5_AprJun2021.csv,8,10610,1.3985108388312912,1.4,0.9613011804770332,0.0,2.9
UPLINK-FADE_Fucino_GX5_AprJun2021.csv,9,10769,1.508013743151639,1.5,0.9687175395494411,0.1,3.0
UPLINK-FADE_Fucino_GX5_AprJun2021.csv,10,10676,1.6440614462345449,1.6,0.961648345592074,0.2,3.1
UPLINK-FADE_Fucino_GX5_AprJun2021.csv,11,10668,1.7372422197225348,1.7,0.9834066095363522,0.3,3.2
UPLINK-FADE_Fucino_GX5_AprJun2021.csv,12,10837,1.782615114884193,1.7,1.0916671818130113,0.3,3.3
UPLINK-FADE_Fucino_GX5_AprJun2021.csv,13,10826,1.7120912617772028,1.7,1.0316912393187903,0.2,3.2
UPLINK-FADE_Fucino_GX5_AprJun2021.csv,14,10785,1.739026425591099,1.7,1.195241390821134,0.2,3.2
UPLINK-FADE_Fucino_GX5_AprJun2021.csv,15,10744,1.6129839910647805,1.6,1.0661714065922026,0.1,3.1
UPLINK-FADE_Fucino_GX5_AprJun2021.csv,16,10784,1.5399851632047479,1.5,0.9687272937032491,0.0,3.0
UPLINK-FADE_Fucino_GX5_AprJun2021.csv,17,10723,1.514604121980789,1.5,1.0052841638991052,0.0,3.0
UPLINK-FADE_Fucino_GX5_AprJun2021.csv,18,10755,1.5328963272896328,1.5,1.1337051882721894,-0.0,3.0
UPLINK-FADE_Fucino_GX5_AprJun2021.csv,19,10664,1.5574268567141787,1.5,1.1623413438809813,0.0,3.1
UPLINK-FADE_Fucino_GX5_AprJun2021.csv,20,10656,1.5071602852852852,1.5,0.9941869366310698,-0.0,3.0
UPLINK-FADE_Fucino_GX5_AprJun2021.csv,21,10672,1.5304816341829084,1.5,0.9900031816758287,0.0,3.0
UPLINK-FADE_Fucino_GX5_AprJun2021.csv,22,10667,1.5364207368519733,1.6,1.0403738268435982,0.0,3.0
UPLINK-FADE_Fucino_GX5_AprJun2021.csv,23,10665,1.55943741209564,1.6,1.000489031983903,0.0,3.0
dati_meteo_beacon.csv,0,20161,0.7259758940528743,0.7,0.5703628763589002,0.1,1.4
dati_meteo_beacon.csv,1,20159,0.7107197777667543,0.7,0.5940018944593713,0.1,1.4
dati_meteo_beacon.csv,2,20160,0.658234126984127,0.6,0.5080078586690367,0.1,1.3
dati_meteo_beacon.csv,3,20160,0.6445882936507936,0.6,0.5333823489179915,0.0,1.3
dati_meteo_beacon.csv,4,20162,0.6509870052574149,0.6,0.6620445070752542,0.0,1.2
dati_meteo_beacon.csv,5,20160,0.6266369047619048,0.6,0.5346895829857023,0.0,1.2
dati_meteo_beacon.csv,6,20159,0.5926633265538965,0.6,0.4096589601572662,0.1,1.2
dati_meteo_beacon.csv,7,20160,0.598015873015873,0.6,0.42525677806949164,0.0,1.2
dati_meteo_beacon.csv,8,20162,0.6150580299573455,0.6,0.5201122563387041,0.1,1.2
dati_meteo_beacon.csv,9,20161,0.6247606765537423,0.6,0.6111196573734099,0.1,1.2
dati_meteo_beacon.csv,10,20160,0.6490972222222222,0.6,1.2177014998665079,0.1,1.2
dati_meteo_beacon.csv,11,20160,0.7440922619047619,0.6,1.803320465157041,0.1,1.2
dati_meteo_beacon.csv,12,20159,0.715953172280371,0.6,1.4553569215876017,0.0,1.3
dati_meteo_beacon.csv,13,20162,0.6437704592798333,0.6,0.5992448734999967,0.0,1.3
dati_meteo_beacon.csv,14,20258,0.6621482870964557,0.6,0.6297896517937703,0.0,1.3
dati_meteo_beacon.csv,15,20245,0.6696468263768832,0.6,0.5287467322234881,0.1,1.4
dati_meteo_beacon.csv,16,20158,0.6668369877964084,0.6,0.5597636500057241,0.1,1.3
dati_meteo_beacon.csv,17,20162,0.7062989782759647,0.6,0.7939924984424649,0.1,1.4
dati_meteo_beacon.csv,18,20161,0.6967015525023561,0.6,0.5190799368262509,0.1,1.4
dati_meteo_beacon.csv,19,20160,0.7619593253968254,0.7,0.891026988387425,0.1,1.4
dati_meteo_beacon.csv,20,20161,0.7647388522394722,0.7,0.6590857232395687,0.1,1.4
dati_meteo_beacon.csv,21,20158,0.7675811092370275,0.7,0.6859588018556588,0.2,1.4
dati_meteo_beacon.csv,22,20162,0.7459974208907846,0.7,0.6082897886975206,0.1,1.4
dati_meteo_beacon.csv,23,20161,0.778969297157879,0.7,0.8409733997145976,0.1,1.4
fc-downlink-fade.csv,0,15955,0.6576245691005954,0.7,0.4199786860379289,0.1,1.2
fc-downlink-fade.csv,1,15957,0.6231434480165444,0.6,0.36093760425372773,0.0,1.1
fc-downlink-fade.csv,2,15932,0.6016193823750942,0.6,0.35819961267678,0.0,1.1
fc-downlink-fade.csv,3,15954,0.6405478249968659,0.6,0.7973110175917845,0.1,1.1
fc-downlink-fade.csv,4,15954,0.6224708537044001,0.6,0.5992323700113464,0.0,1.2
fc-downlink-fade.csv,5,15953,0.6372281075659751,0.6,0.6721022455457865,-0.2,1.3
fc-downlink-fade.csv,6,15923,0.5804873453494944,0.6,0.5929466197687983,-0.2,1.1
fc-downlink-fade.csv,7,15828,0.5754106646449331,0.6,0.43042132308340697,-0.1,1.1
fc-downlink-fade.csv,8,15852,0.622072924552107,0.6,0.4605424441477679,0.0,1.2
fc-downlink-fade.csv,9,16010,0.6599937539038101,0.7,0.4765961146942533,0.0,1.3
fc-downlink-fade.csv,10,16042,0.7090263059468894,0.7,0.5139335896896009,0.1,1.3
fc-downlink-fade.csv,11,16033,0.7822990082953908,0.7,1.046790684513993,0.1,1.4
fc-downlink-fade.csv,12,15950,0.8151598746081504,0.8,0.6875574448527191,0.1,1.5
fc-downlink-fade.csv,13,15868,0.8747794302999748,0.8,0.8522983481106254,0.2,1.5
fc-downlink-fade.csv,14,15696,0.890112130479103,0.8,0.7713170163039539,0.2,1.5
fc-downlink-fade.csv,15,15830,0.8490524320909665,0.9,0.47557173457718077,0.2,1.5
fc-downlink-fade.csv,16,15765,0.8683666349508404,0.9,0.6934469814743109,0.1,1.5
fc-downlink-fade.csv,17,15623,0.7891698137361582,0.8,0.4763197698389495,0.1,1.4
fc-downlink-fade.csv,18,15712,0.7427253054989817,0.8,0.4986589170728375,0.1,1.3
fc-downlink-fade.csv,19,15715,0.6841170855870188,0.7,0.4153059587385956,-0.1,1.3
fc-downlink-fade.csv,20,15707,0.6814477621442668,0.7,0.4959516407048073,-0.1,1.3
fc-downlink-fade.csv,21,15583,0.7423025091445806,0.7,0.9852198124963943,-0.1,1.2
fc-downlink-fade.csv,22,15767,0.6615970064057842,0.7,0.4667762392762499,0.0,1.2
fc-downlink-fade.csv,23,15957,0.6428902675941593,0.7,0.380112092825548,0.0,1.2
fc-uplink-fade.csv,0,15955,1.2695393293638357,1.3,0.8267730789558724,0.1,2.3
fc-uplink-fade.csv,1,15957,1.200708153161622,1.2,0.7065722161836719,0.0,2.2
fc-uplink-fade.csv,2,15932,1.1576952046196336,1.2,0.7010150986937973,0.0,2.2
fc-uplink-fade.csv,3,15954,1.2368998370314654,1.2,1.5817747469098524,0.1,2.2
fc-uplink-fade.csv,4,15954,1.1992039613889933,1.1,1.1873573945077907,0.0,2.3
fc-uplink-fade.csv,5,15953,1.2301009214567793,1.1,1.3337788400169686,-0.3,2.5
fc-uplink-fade.csv,6,15923,1.116680273817748,1.1,1.1750192016774217,-0.3,2.2
fc-uplink-fade.csv,7,15868,1.1115704562641795,1.1,0.8500262532779402,-0.2,2.2
fc-uplink-fade.csv,8,15972,1.2094290007513149,1.2,0.9119916435495069,0.0,2.3449999999998905
fc-uplink-fade.csv,9,15996,1.2784133533383346,1.3,0.874962282254377,0.0,2.5
fc-uplink-fade.csv,10,15922,1.36864715488004,1.3,1.010512194273384,0.1,2.5
fc-uplink-fade.csv,11,15913,1.5177464965751273,1.4,2.083109315095571,0.2,2.7
fc-uplink-fade.csv,12,16040,1.583285536159601,1.5,1.3645359210947472,0.2,3.0
fc-uplink-fade.csv,13,15868,1.703043861860348,1.5,1.7002241460132073,0.3,2.9
fc-uplink-fade.csv,14,15133,1.703165267957444,1.6,1.4699073786473082,0.2,3.0
fc-uplink-fade.csv,15,14441,1.6008517415691434,1.6,0.9169472235489572,0.2,2.9
fc-uplink-fade.csv,16,15415,1.6822964644826466,1.6,1.3908326220127007,0.2,2.9
fc-uplink-fade.csv,17,15623,1.5320425014401842,1.6,0.9417124823546459,0.11000000000000228,2.7
fc-uplink-fade.csv,18,15712,1.439670315682281,1.5,0.9864637762027773,0.1,2.6
fc-uplink-fade.csv,19,15715,1.323576201081769,1.4,0.8152897673237177,-0.1,2.5
fc-uplink-fade.csv,20,15707,1.3180429108041,1.3,0.9781409014121032,-0.1,2.5
fc-uplink-fade.csv,21,15584,1.440137320328542,1.3,1.9635046026085026,-0.1,2.4
fc-uplink-fade.csv,22,15737,1.276348732286967,1.3,0.9214427539131337,0.0,2.3
fc-uplink-fade.csv,23,15917,1.2410064710686686,1.3,0.7466034792551057,0.0,2.3
uplink_beacon_data_fucino_GX4.csv,0,20064,1.336039673046252,1.2,1.604614254848932,0.1,2.6
uplink_beacon_data_fucino_GX4.csv,1,20063,1.247849274784429,1.1,1.3190498731473392,0.1,2.5
uplink_beacon_data_fucino_GX4.csv,2,20065,1.1736506354348368,1.1,1.057270036825625,0.1,2.3
uplink_beacon_data_fucino_GX4.csv,3,20064,1.1700159489633175,1.1,0.940070381901054,0.1,2.6
uplink_beacon_data_fucino_GX4.csv,4,20063,1.1604745053082788,1.1,0.8764061513561268,0.1,2.4
uplink_beacon_data_fucino_GX4.csv,5,20064,1.237953548644338,1.1,1.4612287882071044,0.1,2.4
uplink_beacon_data_fucino_GX4.csv,6,20064,1.2332984449760767,1.1,1.1287942724167375,0.1,2.5
uplink_beacon_data_fucino_GX4.csv,7,20064,1.2485944976076555,1.1,0.9953498110291352,0.1,2.6
uplink_beacon_data_fucino_GX4.csv,8,20065,1.2950161973585845,1.2,1.6538905490848181,0.1,2.6
uplink_beacon_data_fucino_GX4.csv,9,20063,1.5478592433833425,1.2,3.352047729877468,0.1,2.8
uplink_beacon_data_fucino_GX4.csv,10,20063,1.5499476648557045,1.3,3.49302691621985,0.1,2.6
uplink_beacon_data_fucino_GX4.csv,11,20065,1.4571791677049588,1.3,2.1971514510039922,0.1,2.7
uplink_beacon_data_fucino_GX4.csv,12,20064,1.3389005183413079,1.3,1.0067797921044512,0.1,2.6
uplink_beacon_data_fucino_GX4.csv,13,20064,1.3487390350877193,1.3,1.0095439520187108,0.0,2.6
uplink_beacon_data_fucino_GX4.csv,14,20161,1.3488418233222559,1.3,0.9182695795154167,0.1,2.6
uplink_beacon_data_fucino_GX4.csv,15,20146,1.4142509679340811,1.3,1.4343884647866334,0.1,2.7
uplink_beacon_data_fucino_GX4.csv,16,20066,1.4042310375759992,1.3,1.077627198068483,0.1,2.7
uplink_beacon_data_fucino_GX4.csv,17,20063,1.3495638737975377,1.3,0.9431458844213593,0.11000000000000228,2.7
uplink_beacon_data_fucino_GX4.csv,18,20063,1.320600109654588,1.3,0.9268450621594294,0.1,2.6
uplink_beacon_data_fucino_GX4.csv,19,20065,1.3387939197607774,1.3,1.26791277761747,0.2,2.5
uplink_beacon_data_fucino_GX4.csv,20,20063,1.2822758311319344,1.2,1.031353201892378,0.1,2.4
uplink_beacon_data_fucino_GX4.csv,21,20065,1.287645153251931,1.2,1.1455609847455888,0.1,2.5
uplink_beacon_data_fucino_GX4.csv,22,20065,1.331926239720907,1.2,1.827580706447262,0.1,2.4
uplink_beacon_data_fucino_GX4.csv,23,20063,1.217629467178388,1.2,0.9805016237757288,0.1,2.4
