dataset_name,transformation,num_valid,min,q01,q05,median,mean,q95,q99,max,std
DOWNLINK-FADE_Fucino_GX4_MarJun2021.csv,raw_signal,338281,-9.9,-0.4,-0.2,0.3,0.36267038349774294,1.1,2.0,21.2,0.6554761438947425
DOWNLINK-FADE_Fucino_GX4_MarJun2021.csv,zscore_per_dataset,338281,-15.656817534988338,-1.1635364469041818,-0.8584147397866206,-0.09561047199271781,8.60344815604001e-17,1.124876356477527,2.497924038506552,31.78960792179242,0.9999999999999998
DOWNLINK-FADE_Fucino_GX4_MarJun2021.csv,robust_zscore_per_dataset,338281,-20.400000000000002,-1.4,-1.0,0.0,0.12534076699548602,1.6,3.4,41.8,1.3109522877894848
DOWNLINK-FADE_Fucino_GX4_MarJun2021.csv,minmax_per_dataset,338281,0.0,0.3054662379421222,0.3118971061093248,0.3279742765273312,0.32998940139864125,0.35369774919614144,0.38263665594855306,1.0,0.021076403340666953
DOWNLINK-FADE_Fucino_GX4_MarJun2021.csv,rolling_centered_signal,337562,-10.8,-0.5999999999999999,-0.30000000000000004,0.0,0.015020648058726988,0.4,1.0999999999999999,20.3,0.539827539170958
DOWNLINK-FADE_Fucino_GX4_MarJun2021.csv,rolling_robust_zscore,337562,-99.0,-2.0,-1.4999999999999991,0.0,0.05033550258123738,1.5000000000000007,3.0000000000000004,34.66666666666666,1.945273706405852
DOWNLINK-FADE_Fucino_GX5_AprJun2021.csv,raw_signal,256519,-9.9,-0.1,-0.0,0.6,0.6585574557830024,1.3,1.5,13.4,0.4845484883336661
DOWNLINK-FADE_Fucino_GX5_AprJun2021.csv,zscore_per_dataset,256519,-21.790507472416774,-1.5654933903346537,-1.3591156956195303,-0.12084952732878826,5.672841087158009e-17,1.3237943356770776,1.7365497251073247,26.29549539620704,1.0
DOWNLINK-FADE_Fucino_GX5_AprJun2021.csv,robust_zscore_per_dataset,256519,-15.000000000000002,-1.0,-0.8571428571428572,0.0,0.08365350826143209,1.0000000000000002,1.2857142857142858,18.28571428571429,0.6922121261909516
DOWNLINK-FADE_Fucino_GX5_AprJun2021.csv,minmax_per_dataset,256519,0.0,0.4206008583690987,0.4248927038626609,0.45064377682403434,0.45315697235120184,0.48068669527897,0.4892703862660944,1.0,0.020796072460672367
DOWNLINK-FADE_Fucino_GX5_AprJun2021.csv,rolling_centered_signal,255800,-11.200000000000001,-0.30000000000000004,-0.20000000000000007,0.0,0.009219116497263487,0.3,0.5999999999999999,12.4,0.2849470323283381
DOWNLINK-FADE_Fucino_GX5_AprJun2021.csv,rolling_robust_zscore,255800,-102.99999999999997,-2.000000000000002,-1.5,0.0,0.05279316310558322,1.999999999999999,3.0000000000000013,124.00000000000003,1.7645542163147654
UPLINK-FADE_Fucino_GX4_AprJun2021.csv,raw_signal,259992,-9.9,-0.8,-0.5,0.5,0.6179001661589586,2.0,3.8,30.5,1.055302631383906
UPLINK-FADE_Fucino_GX4_AprJun2021.csv,zscore_per_dataset,259992,-9.966714621346071,-1.3435957837985757,-1.0593171408025046,-0.11172166414893357,1.3992656724405801e-16,1.3096715508314225,3.01534340880785,28.316142635458192,1.0
UPLINK-FADE_Fucino_GX4_AprJun2021.csv,robust_zscore_per_dataset,259992,-9.454545454545453,-1.1818181818181817,-0.9090909090909091,0.0,0.10718196923541704,1.3636363636363635,2.9999999999999996,27.27272727272727,0.9593660285308236
UPLINK-FADE_Fucino_GX4_AprJun2021.csv,minmax_per_dataset,259992,0.0,0.22524752475247525,0.23267326732673269,0.25742574257425743,0.26034406351878614,0.2945544554455446,0.3391089108910891,1.0,0.026121352261977877
UPLINK-FADE_Fucino_GX4_AprJun2021.csv,rolling_centered_signal,259273,-11.700000000000001,-1.0999999999999999,-0.6000000000000001,0.0,0.03805448311239505,0.8,2.1,28.7,0.7977449889132016
UPLINK-FADE_Fucino_GX4_AprJun2021.csv,rolling_robust_zscore,259273,-24.5,-1.75,-1.25,0.0,0.07660152779238394,1.6,3.0,39.2,1.3184375231940517
UPLINK-FADE_Fucino_GX5_AprJun2021.csv,raw_signal,256519,-9.9,-0.3,0.1,1.5,1.568509155267251,3.1,3.6,28.1,1.0440843754170819
UPLINK-FADE_Fucino_GX5_AprJun2021.csv,zscore_per_dataset,256519,-10.984274284045204,-1.7896150917121378,-1.406504292031593,-0.06561649314968777,1.7018523261474024e-16,1.46682670557249,1.9457152051731708,25.41125168560652,1.0
UPLINK-FADE_Fucino_GX5_AprJun2021.csv,robust_zscore_per_dataset,256519,-6.705882352941177,-1.0588235294117647,-0.8235294117647058,0.0,0.040299503098383066,0.9411764705882354,1.2352941176470589,15.647058823529413,0.614167279657107
UPLINK-FADE_Fucino_GX5_AprJun2021.csv,minmax_per_dataset,256519,0.0,0.25263157894736843,0.2631578947368421,0.3,0.30180287250703297,0.34210526315789475,0.35526315789473684,1.0,0.027475904616239
UPLINK-FADE_Fucino_GX5_AprJun2021.csv,rolling_centered_signal,255800,-13.0,-0.8,-0.5999999999999999,0.0,0.02791399530883503,0.6000000000000001,1.2999999999999998,25.8,0.5034679630209397
UPLINK-FADE_Fucino_GX5_AprJun2021.csv,rolling_robust_zscore,255800,-33.666666666666664,-1.7500000000000002,-1.25,0.0,0.06060078143410142,1.5,2.5000000000000004,64.50000000000001,1.0819842692695976
dati_meteo_beacon.csv,raw_signal,484031,-9.9,-0.6,0.1,0.6,0.6842191925723765,1.3,2.7,34.5,0.7875664894550639
dati_meteo_beacon.csv,zscore_per_dataset,484031,-13.43914365870982,-1.6306168555507718,-0.7418030101517038,-0.10693597772379804,9.019204490022448e-17,0.7818778676752702,2.5595055584734068,42.937048820888215,0.9999999999999999
dati_meteo_beacon.csv,robust_zscore_per_dataset,484031,-21.0,-2.4,-1.0,0.0,0.16843838514475318,1.4000000000000001,4.2,67.8,1.5751329789101278
dati_meteo_beacon.csv,minmax_per_dataset,484031,0.0,0.20945945945945948,0.22522522522522523,0.23648648648648649,0.2383833151480265,0.2522522522522523,0.2837837837837838,1.0,0.017737983996735675
dati_meteo_beacon.csv,rolling_centered_signal,483312,-10.8,-0.7000000000000001,-0.39999999999999997,0.0,0.04589457741583077,0.49999999999999994,1.5999999999999999,33.2,0.7008122471249706
dati_meteo_beacon.csv,rolling_robust_zscore,483312,-52.500000000000014,-1.6666666666666665,-1.0000000000000007,0.0,0.11141880352620528,1.5,2.75,68.5,1.4655012093429218
fc-downlink-fade.csv,raw_signal,380566,-9.9,-0.6,0.0,0.7,0.7061240363038211,1.3,2.4,34.5,0.6179192517657189
fc-downlink-fade.csv,zscore_per_dataset,380566,-17.164255695216763,-2.1137454976059424,-1.1427448396955668,-0.009910738800128998,0.0,0.9610899191102465,2.7412577919459347,54.68979299015102,1.0
fc-downlink-fade.csv,robust_zscore_per_dataset,380566,-26.499999999999996,-3.2499999999999996,-1.7499999999999998,0.0,0.015310090759552935,1.5000000000000002,4.25,84.49999999999999,1.5447981294142976
fc-downlink-fade.csv,minmax_per_dataset,380566,0.0,0.20945945945945948,0.222972972972973,0.23873873873873874,0.2388766674843203,0.2522522522522523,0.27702702702702703,1.0,0.013917100264993671
fc-downlink-fade.csv,rolling_centered_signal,379847,-10.8,-0.6000000000000001,-0.39999999999999997,0.0,0.03710757225935706,0.40000000000000013,1.3,33.2,0.5082490898499092
fc-downlink-fade.csv,rolling_robust_zscore,379847,-52.500000000000014,-1.6666666666666665,-1.1666666666666663,0.0,0.09719387371259894,1.5,2.6666666666666665,67.33333333333331,1.2522015995083458
fc-uplink-fade.csv,raw_signal,378191,-9.9,-1.2,0.0,1.3,1.3619107805315305,2.6,4.7,69.0,1.2189246573834962
fc-uplink-fade.csv,zscore_per_dataset,378191,-9.239218119277348,-2.1017794373204692,-1.1173051363609,-0.05079131032136645,-9.619421951055718e-17,1.015722515718167,2.7385525423974135,55.48996716881434,1.0
fc-uplink-fade.csv,robust_zscore_per_dataset,378191,-12.444444444444445,-2.7777777777777777,-1.4444444444444444,0.0,0.06878975614614478,1.4444444444444444,3.777777777777778,75.22222222222223,1.3543607304261067
fc-uplink-fade.csv,minmax_per_dataset,378191,0.0,0.11026615969581749,0.12547528517110265,0.14195183776932827,0.142736511793809,0.15842839036755385,0.18504435994930293,1.0,0.015448981715887149
fc-uplink-fade.csv,rolling_centered_signal,377472,-11.3,-1.2,-0.7000000000000001,0.0,0.07787080896066464,0.8999999999999999,2.6,66.5,1.0031082219350387
fc-uplink-fade.csv,rolling_robust_zscore,377472,-22.200000000000003,-1.5999999999999994,-1.1666666666666667,0.0,0.1004464944775426,1.4999999999999996,2.571428571428573,67.50000000000001,1.2073571848028088
uplink_beacon_data_fucino_GX4.csv,raw_signal,481715,-9.9,-1.1,0.1,1.2,1.3184090177802228,2.6,5.4,69.0,1.5659254470178048
uplink_beacon_data_fucino_GX4.csv,zscore_per_dataset,481715,-7.164076067059831,-1.544396013479386,-0.7780760061729614,-0.07561599947540575,-3.020855740088403e-17,0.8184240090487561,2.6065040260970798,43.22146441333757,1.0
uplink_beacon_data_fucino_GX4.csv,robust_zscore_per_dataset,481715,-12.333333333333334,-2.555555555555556,-1.222222222222222,0.0,0.13156557531135865,1.5555555555555558,4.666666666666667,75.33333333333334,1.7399171633531167
uplink_beacon_data_fucino_GX4.csv,minmax_per_dataset,481715,0.0,0.11153358681875793,0.12674271229404308,0.14068441064638781,0.14218515865374173,0.15842839036755385,0.19391634980988592,1.0,0.019846963840529842
uplink_beacon_data_fucino_GX4.csv,rolling_centered_signal,480996,-11.3,-1.3000000000000003,-0.7000000000000001,0.0,0.09691421550283162,0.9000000000000001,3.1499999999999995,66.5,1.3957545616693037
uplink_beacon_data_fucino_GX4.csv,rolling_robust_zscore,480996,-22.200000000000003,-1.5000000000000002,-1.1666666666666665,0.0,0.1153911360307519,1.4705882352941173,2.666666666666666,68.375,1.439719593752824
