dataset_name,rank,time_prev,time_current,signal_prev,signal_current,delta_signal,abs_delta_signal,dt_seconds
DOWNLINK-FADE_Fucino_GX4_MarJun2021.csv,1,2021-06-16 15:08:40,2021-06-16 15:10:46,1.9,-9.9,-11.8,11.8,126.0
DOWNLINK-FADE_Fucino_GX4_MarJun2021.csv,2,2021-06-16 15:10:46,2021-06-16 15:11:15,-9.9,1.8,11.700000000000001,11.700000000000001,29.0
DOWNLINK-FADE_Fucino_GX4_MarJun2021.csv,3,2021-06-16 15:16:05,2021-06-16 15:17:41,1.8,-9.9,-11.700000000000001,11.700000000000001,96.0
DOWNLINK-FADE_Fucino_GX4_MarJun2021.csv,4,2021-06-16 15:17:41,2021-06-16 15:18:11,-9.9,1.6,11.5,11.5,30.0
DOWNLINK-FADE_Fucino_GX4_MarJun2021.csv,5,2021-06-21 09:44:56,2021-06-21 10:02:12,1.1,-9.9,-11.0,11.0,1036.0
DOWNLINK-FADE_Fucino_GX4_MarJun2021.csv,6,2021-06-28 10:56:07,2021-06-28 10:56:39,-9.9,0.9,10.8,10.8,32.0
DOWNLINK-FADE_Fucino_GX4_MarJun2021.csv,7,2021-06-05 17:11:06,2021-06-05 17:11:37,-9.9,0.8,10.700000000000001,10.700000000000001,31.0
DOWNLINK-FADE_Fucino_GX4_MarJun2021.csv,8,2021-06-21 09:09:20,2021-06-21 09:09:50,-9.9,0.8,10.700000000000001,10.700000000000001,30.0
DOWNLINK-FADE_Fucino_GX4_MarJun2021.csv,9,2021-06-21 10:02:12,2021-06-21 10:02:42,-9.9,0.8,10.700000000000001,10.700000000000001,30.0
DOWNLINK-FADE_Fucino_GX4_MarJun2021.csv,10,2021-06-28 10:06:07,2021-06-28 10:06:39,0.8,-9.9,-10.700000000000001,10.700000000000001,32.0
DOWNLINK-FADE_Fucino_GX4_MarJun2021.csv,11,2021-06-05 17:09:38,2021-06-05 17:11:06,0.7,-9.9,-10.6,10.6,88.0
DOWNLINK-FADE_Fucino_GX4_MarJun2021.csv,12,2021-06-16 10:36:32,2021-06-16 10:38:09,0.7,-9.9,-10.6,10.6,97.0
DOWNLINK-FADE_Fucino_GX4_MarJun2021.csv,13,2021-06-21 09:03:43,2021-06-21 09:09:20,0.7,-9.9,-10.6,10.6,337.0
DOWNLINK-FADE_Fucino_GX4_MarJun2021.csv,14,2021-06-16 10:38:09,2021-06-16 10:38:40,-9.9,0.5,10.4,10.4,31.0
DOWNLINK-FADE_Fucino_GX4_MarJun2021.csv,15,2021-03-29 16:54:00,2021-03-29 16:54:05,-9.9,0.2,10.1,10.1,5.0
DOWNLINK-FADE_Fucino_GX4_MarJun2021.csv,16,2021-03-29 16:53:37,2021-03-29 16:54:00,0.1,-9.9,-10.0,10.0,23.0
DOWNLINK-FADE_Fucino_GX4_MarJun2021.csv,17,2021-05-06 09:52:53,2021-05-06 09:53:24,-9.9,0.1,10.0,10.0,31.0
DOWNLINK-FADE_Fucino_GX4_MarJun2021.csv,18,2021-05-06 07:03:53,2021-05-06 07:04:24,-0.1,-9.9,-9.8,9.8,31.0
DOWNLINK-FADE_Fucino_GX4_MarJun2021.csv,19,2021-07-18 12:46:00,2021-07-18 12:46:32,20.4,13.1,-7.299999999999999,7.299999999999999,32.0
DOWNLINK-FADE_Fucino_GX4_MarJun2021.csv,20,2021-07-18 12:53:32,2021-07-18 12:54:00,14.3,7.7,-6.6000000000000005,6.6000000000000005,28.0
DOWNLINK-FADE_Fucino_GX5_AprJun2021.csv,1,2021-06-08 15:00:05,2021-06-08 15:01:34,3.1,-9.9,-13.0,13.0,89.0
DOWNLINK-FADE_Fucino_GX5_AprJun2021.csv,2,2021-06-08 15:02:04,2021-06-08 15:02:28,-9.9,2.9,12.8,12.8,24.0
DOWNLINK-FADE_Fucino_GX5_AprJun2021.csv,3,2021-06-16 10:52:42,2021-06-16 10:53:18,13.4,1.6,-11.8,11.8,36.0
DOWNLINK-FADE_Fucino_GX5_AprJun2021.csv,4,2021-06-30 13:06:07,2021-06-30 13:07:34,1.7,-9.9,-11.6,11.6,87.0
DOWNLINK-FADE_Fucino_GX5_AprJun2021.csv,5,2021-06-30 13:08:04,2021-06-30 13:08:29,-9.9,1.3,11.200000000000001,11.200000000000001,25.0
DOWNLINK-FADE_Fucino_GX5_AprJun2021.csv,6,2021-05-11 15:46:32,2021-05-11 15:48:55,0.6,-9.9,-10.5,10.5,143.0
DOWNLINK-FADE_Fucino_GX5_AprJun2021.csv,7,2021-06-01 07:33:07,2021-06-01 07:34:26,0.6,-9.9,-10.5,10.5,79.0
DOWNLINK-FADE_Fucino_GX5_AprJun2021.csv,8,2021-04-17 13:01:29,2021-04-17 13:02:03,-9.9,0.5,10.4,10.4,34.0
DOWNLINK-FADE_Fucino_GX5_AprJun2021.csv,9,2021-04-27 02:59:36,2021-04-27 03:00:02,0.5,-9.9,-10.4,10.4,26.0
DOWNLINK-FADE_Fucino_GX5_AprJun2021.csv,10,2021-05-11 15:48:55,2021-05-11 15:49:22,-9.9,0.5,10.4,10.4,27.0
DOWNLINK-FADE_Fucino_GX5_AprJun2021.csv,11,2021-06-01 07:34:57,2021-06-01 07:35:23,-9.9,0.5,10.4,10.4,26.0
DOWNLINK-FADE_Fucino_GX5_AprJun2021.csv,12,2021-04-11 18:30:34,2021-04-11 18:31:01,0.4,-9.9,-10.3,10.3,27.0
DOWNLINK-FADE_Fucino_GX5_AprJun2021.csv,13,2021-04-20 00:01:34,2021-04-20 00:02:02,-9.9,0.4,10.3,10.3,28.0
DOWNLINK-FADE_Fucino_GX5_AprJun2021.csv,14,2021-04-20 06:16:02,2021-04-20 06:16:36,0.4,-9.9,-10.3,10.3,34.0
DOWNLINK-FADE_Fucino_GX5_AprJun2021.csv,15,2021-04-20 11:30:02,2021-04-20 11:30:37,0.4,-9.9,-10.3,10.3,35.0
DOWNLINK-FADE_Fucino_GX5_AprJun2021.csv,16,2021-04-20 11:30:37,2021-04-20 11:31:02,-9.9,0.4,10.3,10.3,25.0
DOWNLINK-FADE_Fucino_GX5_AprJun2021.csv,17,2021-04-22 07:59:59,2021-04-22 08:00:32,-9.9,0.4,10.3,10.3,33.0
DOWNLINK-FADE_Fucino_GX5_AprJun2021.csv,18,2021-04-30 20:55:46,2021-04-30 20:56:18,-9.9,0.4,10.3,10.3,32.0
DOWNLINK-FADE_Fucino_GX5_AprJun2021.csv,19,2021-05-04 04:55:29,2021-05-04 04:55:58,0.4,-9.9,-10.3,10.3,29.0
DOWNLINK-FADE_Fucino_GX5_AprJun2021.csv,20,2021-05-04 04:55:58,2021-05-04 04:56:29,-9.9,0.4,10.3,10.3,31.0
UPLINK-FADE_Fucino_GX4_AprJun2021.csv,1,2021-06-16 15:08:40,2021-06-16 15:10:46,3.9,-9.9,-13.8,13.8,126.0
UPLINK-FADE_Fucino_GX4_AprJun2021.csv,2,2021-06-16 15:16:05,2021-06-16 15:17:41,3.6,-9.9,-13.5,13.5,96.0
UPLINK-FADE_Fucino_GX4_AprJun2021.csv,3,2021-06-16 15:10:46,2021-06-16 15:11:15,-9.9,3.5,13.4,13.4,29.0
UPLINK-FADE_Fucino_GX4_AprJun2021.csv,4,2021-06-16 15:17:41,2021-06-16 15:18:11,-9.9,3.1,13.0,13.0,30.0
UPLINK-FADE_Fucino_GX4_AprJun2021.csv,5,2021-06-21 09:44:56,2021-06-21 10:02:12,2.2,-9.9,-12.100000000000001,12.100000000000001,1036.0
UPLINK-FADE_Fucino_GX4_AprJun2021.csv,6,2021-06-05 17:11:06,2021-06-05 17:11:37,-9.9,1.7,11.6,11.6,31.0
UPLINK-FADE_Fucino_GX4_AprJun2021.csv,7,2021-06-28 10:56:07,2021-06-28 10:56:39,-9.9,1.7,11.6,11.6,32.0
UPLINK-FADE_Fucino_GX4_AprJun2021.csv,8,2021-06-21 09:09:20,2021-06-21 09:09:50,-9.9,1.6,11.5,11.5,30.0
UPLINK-FADE_Fucino_GX4_AprJun2021.csv,9,2021-06-21 10:02:12,2021-06-21 10:02:42,-9.9,1.6,11.5,11.5,30.0
UPLINK-FADE_Fucino_GX4_AprJun2021.csv,10,2021-06-05 17:09:38,2021-06-05 17:11:06,1.5,-9.9,-11.4,11.4,88.0
UPLINK-FADE_Fucino_GX4_AprJun2021.csv,11,2021-06-28 10:06:07,2021-06-28 10:06:39,1.5,-9.9,-11.4,11.4,32.0
UPLINK-FADE_Fucino_GX4_AprJun2021.csv,12,2021-06-21 09:03:43,2021-06-21 09:09:20,1.4,-9.9,-11.3,11.3,337.0
UPLINK-FADE_Fucino_GX4_AprJun2021.csv,13,2021-06-16 10:36:32,2021-06-16 10:38:09,1.3,-9.9,-11.200000000000001,11.200000000000001,97.0
UPLINK-FADE_Fucino_GX4_AprJun2021.csv,14,2021-06-16 10:38:09,2021-06-16 10:38:40,-9.9,0.9,10.8,10.8,31.0
UPLINK-FADE_Fucino_GX4_AprJun2021.csv,15,2021-05-06 09:52:53,2021-05-06 09:53:24,-9.9,0.2,10.1,10.1,31.0
UPLINK-FADE_Fucino_GX4_AprJun2021.csv,16,2021-05-06 07:03:53,2021-05-06 07:04:24,-0.1,-9.9,-9.8,9.8,31.0
UPLINK-FADE_Fucino_GX4_AprJun2021.csv,17,2021-04-29 15:44:03,2021-04-29 15:44:32,5.7,9.4,3.7,3.7,29.0
UPLINK-FADE_Fucino_GX4_AprJun2021.csv,18,2021-06-05 12:35:05,2021-06-05 12:35:37,13.0,16.5,3.5,3.5,32.0
UPLINK-FADE_Fucino_GX4_AprJun2021.csv,19,2021-04-29 15:45:03,2021-04-29 15:45:32,10.4,7.1,-3.3000000000000007,3.3000000000000007,29.0
UPLINK-FADE_Fucino_GX4_AprJun2021.csv,20,2021-06-08 14:40:09,2021-06-08 14:40:43,21.8,25.1,3.3000000000000007,3.3000000000000007,34.0
UPLINK-FADE_Fucino_GX5_AprJun2021.csv,1,2021-06-16 10:52:42,2021-06-16 10:53:18,28.1,3.8,-24.3,24.3,36.0
UPLINK-FADE_Fucino_GX5_AprJun2021.csv,2,2021-06-08 15:00:05,2021-06-08 15:01:34,7.0,-9.9,-16.9,16.9,89.0
UPLINK-FADE_Fucino_GX5_AprJun2021.csv,3,2021-06-08 15:02:04,2021-06-08 15:02:28,-9.9,6.6,16.5,16.5,24.0
UPLINK-FADE_Fucino_GX5_AprJun2021.csv,4,2021-06-16 10:52:18,2021-06-16 10:52:42,12.3,28.1,15.8,15.8,24.0
UPLINK-FADE_Fucino_GX5_AprJun2021.csv,5,2021-06-30 13:06:07,2021-06-30 13:07:34,4.0,-9.9,-13.9,13.9,87.0
UPLINK-FADE_Fucino_GX5_AprJun2021.csv,6,2021-06-30 13:08:04,2021-06-30 13:08:29,-9.9,3.2,13.100000000000001,13.100000000000001,25.0
UPLINK-FADE_Fucino_GX5_AprJun2021.csv,7,2021-05-11 15:46:32,2021-05-11 15:48:55,1.4,-9.9,-11.3,11.3,143.0
UPLINK-FADE_Fucino_GX5_AprJun2021.csv,8,2021-06-01 07:33:07,2021-06-01 07:34:26,1.4,-9.9,-11.3,11.3,79.0
UPLINK-FADE_Fucino_GX5_AprJun2021.csv,9,2021-04-17 13:01:29,2021-04-17 13:02:03,-9.9,1.3,11.200000000000001,11.200000000000001,34.0
UPLINK-FADE_Fucino_GX5_AprJun2021.csv,10,2021-05-11 15:48:55,2021-05-11 15:49:22,-9.9,1.2,11.1,11.1,27.0
UPLINK-FADE_Fucino_GX5_AprJun2021.csv,11,2021-06-01 07:34:57,2021-06-01 07:35:23,-9.9,1.2,11.1,11.1,26.0
UPLINK-FADE_Fucino_GX5_AprJun2021.csv,12,2021-04-27 02:59:36,2021-04-27 03:00:02,1.1,-9.9,-11.0,11.0,26.0
UPLINK-FADE_Fucino_GX5_AprJun2021.csv,13,2021-04-11 18:30:34,2021-04-11 18:31:01,1.0,-9.9,-10.9,10.9,27.0
UPLINK-FADE_Fucino_GX5_AprJun2021.csv,14,2021-04-20 00:01:34,2021-04-20 00:02:02,-9.9,1.0,10.9,10.9,28.0
UPLINK-FADE_Fucino_GX5_AprJun2021.csv,15,2021-04-20 11:30:37,2021-04-20 11:31:02,-9.9,1.0,10.9,10.9,25.0
UPLINK-FADE_Fucino_GX5_AprJun2021.csv,16,2021-05-04 04:55:29,2021-05-04 04:55:58,1.0,-9.9,-10.9,10.9,29.0
UPLINK-FADE_Fucino_GX5_AprJun2021.csv,17,2021-05-04 04:55:58,2021-05-04 04:56:29,-9.9,1.0,10.9,10.9,31.0
UPLINK-FADE_Fucino_GX5_AprJun2021.csv,18,2021-04-20 06:16:02,2021-04-20 06:16:36,0.9,-9.9,-10.8,10.8,34.0
UPLINK-FADE_Fucino_GX5_AprJun2021.csv,19,2021-04-20 11:30:02,2021-04-20 11:30:37,0.9,-9.9,-10.8,10.8,35.0
UPLINK-FADE_Fucino_GX5_AprJun2021.csv,20,2021-04-22 07:59:59,2021-04-22 08:00:32,-9.9,0.9,10.8,10.8,33.0
dati_meteo_beacon.csv,1,2020-12-28 12:37:41,2020-12-28 12:38:12,31.0,3.6,-27.4,27.4,31.0
dati_meteo_beacon.csv,2,2020-12-28 10:41:50,2020-12-28 10:42:20,1.4,27.1,25.700000000000003,25.700000000000003,30.0
dati_meteo_beacon.csv,3,2020-12-28 12:35:40,2020-12-28 12:36:10,10.4,30.8,20.4,20.4,30.0
dati_meteo_beacon.csv,4,2020-12-28 11:48:37,2020-12-28 11:49:07,2.5,20.3,17.8,17.8,30.0
dati_meteo_beacon.csv,5,2020-08-31 19:41:54,2020-08-31 19:42:24,29.9,12.2,-17.7,17.7,30.0
dati_meteo_beacon.csv,6,2020-12-28 12:33:38,2020-12-28 12:34:09,20.3,3.9,-16.400000000000002,16.400000000000002,31.0
dati_meteo_beacon.csv,7,2020-12-28 11:29:23,2020-12-28 11:29:53,16.4,1.5,-14.899999999999999,14.899999999999999,30.0
dati_meteo_beacon.csv,8,2020-12-28 12:17:27,2020-12-28 12:17:57,26.2,11.8,-14.399999999999999,14.399999999999999,30.0
dati_meteo_beacon.csv,9,2020-12-28 12:17:57,2020-12-28 12:18:28,11.8,25.7,13.899999999999999,13.899999999999999,31.0
dati_meteo_beacon.csv,10,2020-12-28 12:19:59,2020-12-28 12:20:29,24.5,11.6,-12.9,12.9,30.0
dati_meteo_beacon.csv,11,2020-12-28 12:24:32,2020-12-28 12:25:02,20.9,9.2,-11.7,11.7,30.0
dati_meteo_beacon.csv,12,2020-12-28 11:28:22,2020-12-28 11:28:53,28.7,17.1,-11.599999999999998,11.599999999999998,31.0
dati_meteo_beacon.csv,13,2020-07-29 13:31:23,2020-07-29 13:31:53,1.3,-9.9,-11.200000000000001,11.200000000000001,30.0
dati_meteo_beacon.csv,14,2020-07-23 11:04:10,2020-07-23 11:04:40,-9.9,1.0,10.9,10.9,30.0
dati_meteo_beacon.csv,15,2020-07-29 13:32:23,2020-07-29 13:32:54,-9.9,1.0,10.9,10.9,31.0
dati_meteo_beacon.csv,16,2020-07-23 11:03:39,2020-07-23 11:04:10,0.9,-9.9,-10.8,10.8,31.0
dati_meteo_beacon.csv,17,2020-12-28 12:26:03,2020-12-28 12:26:33,13.8,24.6,10.8,10.8,30.0
dati_meteo_beacon.csv,18,2020-11-25 15:19:25,2020-11-25 15:19:56,-9.9,0.8,10.700000000000001,10.700000000000001,31.0
dati_meteo_beacon.csv,19,2020-12-28 12:18:28,2020-12-28 12:18:58,25.7,15.0,-10.7,10.7,30.0
dati_meteo_beacon.csv,20,2020-08-28 17:25:03,2020-08-28 17:25:33,-9.9,0.7,10.6,10.6,30.0
fc-downlink-fade.csv,1,2020-08-31 11:31:12,2020-08-31 11:31:43,29.9,12.2,-17.7,17.7,31.0
fc-downlink-fade.csv,2,2020-07-29 11:45:00,2020-07-29 11:46:24,1.3,-9.9,-11.200000000000001,11.200000000000001,84.0
fc-downlink-fade.csv,3,2020-07-23 10:43:33,2020-07-23 10:44:03,-9.9,1.0,10.9,10.9,30.0
fc-downlink-fade.csv,4,2020-07-29 11:46:29,2020-07-29 11:46:55,-9.9,1.0,10.9,10.9,26.0
fc-downlink-fade.csv,5,2020-07-23 10:41:56,2020-07-23 10:43:33,0.9,-9.9,-10.8,10.8,97.0
fc-downlink-fade.csv,6,2020-11-25 03:48:06,2020-11-25 03:48:36,-9.9,0.8,10.700000000000001,10.700000000000001,30.0
fc-downlink-fade.csv,7,2020-08-28 09:58:05,2020-08-28 09:58:29,-9.9,0.7,10.6,10.6,24.0
fc-downlink-fade.csv,8,2020-08-28 09:55:29,2020-08-28 09:56:02,0.6,-9.9,-10.5,10.5,33.0
fc-downlink-fade.csv,9,2020-08-31 11:26:43,2020-08-31 11:27:12,5.9,16.4,10.499999999999998,10.499999999999998,29.0
fc-downlink-fade.csv,10,2020-11-25 03:46:14,2020-11-25 03:48:06,0.5,-9.9,-10.4,10.4,112.0
fc-downlink-fade.csv,11,2020-08-31 11:27:12,2020-08-31 11:27:43,16.4,26.1,9.700000000000003,9.700000000000003,31.0
fc-downlink-fade.csv,12,2020-10-03 21:26:56,2020-10-03 21:27:30,4.8,14.5,9.7,9.7,34.0
fc-downlink-fade.csv,13,2020-09-25 04:37:18,2020-09-25 04:37:48,4.3,13.5,9.2,9.2,30.0
fc-downlink-fade.csv,14,2020-08-31 03:34:11,2020-08-31 03:34:42,16.1,7.7,-8.400000000000002,8.400000000000002,31.0
fc-downlink-fade.csv,15,2020-08-31 03:29:42,2020-08-31 03:30:11,5.5,13.2,7.699999999999999,7.699999999999999,29.0
fc-downlink-fade.csv,16,2020-09-25 03:37:18,2020-09-25 03:37:52,14.9,7.6,-7.300000000000001,7.300000000000001,34.0
fc-downlink-fade.csv,17,2020-10-07 06:58:28,2020-10-07 06:58:57,19.2,12.3,-6.899999999999999,6.899999999999999,29.0
fc-downlink-fade.csv,18,2020-09-25 03:27:17,2020-09-25 03:27:52,8.5,14.7,6.199999999999999,6.199999999999999,35.0
fc-downlink-fade.csv,19,2020-08-31 03:37:11,2020-08-31 03:37:42,15.2,9.5,-5.699999999999999,5.699999999999999,31.0
fc-downlink-fade.csv,20,2020-08-01 16:09:10,2020-08-01 16:09:36,7.0,12.4,5.4,5.4,26.0
fc-uplink-fade.csv,1,2020-08-31 11:31:12,2020-08-31 11:31:43,59.7,24.4,-35.300000000000004,35.300000000000004,31.0
fc-uplink-fade.csv,2,2020-08-31 11:26:43,2020-08-31 11:27:12,11.7,32.8,21.099999999999998,21.099999999999998,29.0
fc-uplink-fade.csv,3,2020-08-31 11:27:12,2020-08-31 11:27:43,32.8,52.2,19.400000000000006,19.400000000000006,31.0
fc-uplink-fade.csv,4,2020-10-03 21:26:56,2020-10-03 21:27:30,9.6,28.9,19.299999999999997,19.299999999999997,34.0
fc-uplink-fade.csv,5,2020-09-25 04:37:18,2020-09-25 04:37:48,8.5,26.9,18.4,18.4,30.0
fc-uplink-fade.csv,6,2020-08-31 03:34:11,2020-08-31 03:34:42,32.2,15.4,-16.800000000000004,16.800000000000004,31.0
fc-uplink-fade.csv,7,2020-08-31 14:44:43,2020-08-31 16:20:12,17.6,1.5,-16.1,16.1,5729.0
fc-uplink-fade.csv,8,2020-08-31 03:29:42,2020-08-31 03:30:11,11.0,26.3,15.3,15.3,29.0
fc-uplink-fade.csv,9,2020-09-25 03:37:18,2020-09-25 03:37:52,29.7,15.2,-14.5,14.5,34.0
fc-uplink-fade.csv,10,2020-10-07 06:58:28,2020-10-07 06:58:57,38.3,24.6,-13.699999999999996,13.699999999999996,29.0
fc-uplink-fade.csv,11,2020-09-25 03:27:17,2020-09-25 03:27:52,16.9,29.3,12.400000000000002,12.400000000000002,35.0
fc-uplink-fade.csv,12,2020-07-23 10:43:33,2020-07-23 10:44:03,-9.9,2.0,11.9,11.9,30.0
fc-uplink-fade.csv,13,2020-07-23 10:41:56,2020-07-23 10:43:33,1.7,-9.9,-11.6,11.6,97.0
fc-uplink-fade.csv,14,2020-11-25 03:48:06,2020-11-25 03:48:36,-9.9,1.6,11.5,11.5,30.0
fc-uplink-fade.csv,15,2020-08-28 09:58:05,2020-08-28 09:58:29,-9.9,1.4,11.3,11.3,24.0
fc-uplink-fade.csv,16,2020-08-31 03:37:11,2020-08-31 03:37:42,30.3,19.0,-11.3,11.3,31.0
fc-uplink-fade.csv,17,2020-08-28 09:55:29,2020-08-28 09:56:02,1.2,-9.9,-11.1,11.1,33.0
fc-uplink-fade.csv,18,2020-08-31 11:31:43,2020-08-31 11:32:12,24.4,13.5,-10.899999999999999,10.899999999999999,29.0
fc-uplink-fade.csv,19,2020-08-01 16:09:10,2020-08-01 16:09:36,14.0,24.8,10.8,10.8,26.0
fc-uplink-fade.csv,20,2020-11-25 03:46:14,2020-11-25 03:48:06,0.9,-9.9,-10.8,10.8,112.0
uplink_beacon_data_fucino_GX4.csv,1,2020-12-28 11:23:30,2020-12-28 11:24:01,62.0,7.2,-54.8,54.8,31.0
uplink_beacon_data_fucino_GX4.csv,2,2020-12-28 09:27:05,2020-12-28 09:27:35,2.7,54.2,51.5,51.5,30.0
uplink_beacon_data_fucino_GX4.csv,3,2020-12-28 11:21:28,2020-12-28 11:21:59,20.7,61.6,40.900000000000006,40.900000000000006,31.0
uplink_beacon_data_fucino_GX4.csv,4,2020-12-28 10:34:11,2020-12-28 10:34:42,5.0,40.5,35.5,35.5,31.0
uplink_beacon_data_fucino_GX4.csv,5,2020-08-31 08:48:53,2020-08-31 08:49:23,59.7,24.4,-35.300000000000004,35.300000000000004,30.0
uplink_beacon_data_fucino_GX4.csv,6,2020-12-28 11:19:26,2020-12-28 11:19:56,40.6,7.7,-32.9,32.9,30.0
uplink_beacon_data_fucino_GX4.csv,7,2020-12-28 10:14:52,2020-12-28 10:15:23,32.8,3.0,-29.799999999999997,29.799999999999997,31.0
uplink_beacon_data_fucino_GX4.csv,8,2020-12-28 11:03:10,2020-12-28 11:03:40,52.4,23.5,-28.9,28.9,30.0
uplink_beacon_data_fucino_GX4.csv,9,2020-12-28 11:03:40,2020-12-28 11:04:11,23.5,51.4,27.9,27.9,31.0
uplink_beacon_data_fucino_GX4.csv,10,2020-12-28 11:05:42,2020-12-28 11:06:13,49.0,23.2,-25.8,25.8,31.0
uplink_beacon_data_fucino_GX4.csv,11,2020-12-28 11:10:17,2020-12-28 11:10:47,41.8,18.3,-23.499999999999996,23.499999999999996,30.0
uplink_beacon_data_fucino_GX4.csv,12,2020-12-28 10:13:51,2020-12-28 10:14:22,57.4,34.2,-23.199999999999996,23.199999999999996,31.0
uplink_beacon_data_fucino_GX4.csv,13,2020-12-28 11:11:48,2020-12-28 11:12:19,27.5,49.1,21.6,21.6,31.0
uplink_beacon_data_fucino_GX4.csv,14,2020-12-28 11:04:11,2020-12-28 11:04:41,51.4,30.0,-21.4,21.4,30.0
uplink_beacon_data_fucino_GX4.csv,15,2020-08-31 08:44:18,2020-08-31 08:44:49,11.7,32.8,21.099999999999998,21.099999999999998,31.0
uplink_beacon_data_fucino_GX4.csv,16,2020-12-28 11:14:51,2020-12-28 11:15:22,23.8,43.7,19.900000000000002,19.900000000000002,31.0
uplink_beacon_data_fucino_GX4.csv,17,2020-08-31 08:44:49,2020-08-31 08:45:19,32.8,52.2,19.400000000000006,19.400000000000006,30.0
uplink_beacon_data_fucino_GX4.csv,18,2020-12-28 11:18:55,2020-12-28 11:19:26,21.3,40.6,19.3,19.3,31.0
uplink_beacon_data_fucino_GX4.csv,19,2020-10-03 15:25:47,2020-10-03 15:26:18,9.6,28.9,19.299999999999997,19.299999999999997,31.0
uplink_beacon_data_fucino_GX4.csv,20,2020-12-28 11:08:15,2020-12-28 11:08:45,26.0,44.5,18.5,18.5,30.0
