comparison_id,method_id,reference_id,comparison_type,selection_id,results_path,metrics_path,figures_path,status,created_at
gru_architecture_variant_externalHoldout_test_fc_uplink_fade_L30_h10_thr10,multiple_tuned_gru_runs,,forecast_metrics,externalHoldout_test_fc_uplink_fade_L30_h10_thr10,results/comparisons/gru_architecture_variant_externalHoldout_test_fc_uplink_fade_L30_h10_thr10,results/comparisons/gru_architecture_variant_externalHoldout_test_fc_uplink_fade_L30_h10_thr10/tables,,complete,2026-06-18T10:34:05.125048+00:00
model_result_summary_externalHoldout_test_fc_uplink_fade_L30_h10_thr10,all_indexed_runs,perfect_switch_externalHoldout_test_fc_uplink_fade_L30_h10_thr10,model_result_summary,externalHoldout_test_fc_uplink_fade_L30_h10_thr10,results/comparisons/model_result_summary_externalHoldout_test_fc_uplink_fade_L30_h10_thr10,results/comparisons/model_result_summary_externalHoldout_test_fc_uplink_fade_L30_h10_thr10/tables,,complete,2026-06-19T08:14:16.679044+00:00
patchtst_search_externalHoldout_test_fc_uplink_fade_L30_h10_thr10,multiple_tuned_patchtst_runs,,forecast_metrics,externalHoldout_test_fc_uplink_fade_L30_h10_thr10,results/comparisons/patchtst_search_externalHoldout_test_fc_uplink_fade_L30_h10_thr10,results/comparisons/patchtst_search_externalHoldout_test_fc_uplink_fade_L30_h10_thr10/tables,,complete,2026-06-18T23:49:59.348754+00:00
switch_eval_chronos_zero_shot_raw_externalHoldout_test_fc_uplink_fade_L30_h10_thr10,chronos_zero_shot_raw_externalHoldout_test_fc_uplink_fade_L30_h10_thr10,perfect_switch_externalHoldout_test_fc_uplink_fade_L30_h10_thr10,switch_eval,externalHoldout_test_fc_uplink_fade_L30_h10_thr10,results/comparisons/switch_eval_chronos_zero_shot_raw_externalHoldout_test_fc_uplink_fade_L30_h10_thr10,results/comparisons/switch_eval_chronos_zero_shot_raw_externalHoldout_test_fc_uplink_fade_L30_h10_thr10/metrics,results/comparisons/switch_eval_chronos_zero_shot_raw_externalHoldout_test_fc_uplink_fade_L30_h10_thr10/figures,complete,2026-06-19T08:14:05.655510+00:00
switch_eval_gru_s2v_contextStandard_externalHoldout_test_fc_uplink_fade_L30_h10_thr10,gru_s2v_contextStandard_externalHoldout_test_fc_uplink_fade_L30_h10_thr10,perfect_switch_externalHoldout_test_fc_uplink_fade_L30_h10_thr10,switch_eval,externalHoldout_test_fc_uplink_fade_L30_h10_thr10,results/comparisons/switch_eval_gru_s2v_contextStandard_externalHoldout_test_fc_uplink_fade_L30_h10_thr10,results/comparisons/switch_eval_gru_s2v_contextStandard_externalHoldout_test_fc_uplink_fade_L30_h10_thr10/metrics,results/comparisons/switch_eval_gru_s2v_contextStandard_externalHoldout_test_fc_uplink_fade_L30_h10_thr10/figures,complete,2026-06-19T08:11:46.321206+00:00
switch_eval_gru_s2v_raw_externalHoldout_test_fc_uplink_fade_L30_h10_thr10,gru_s2v_raw_externalHoldout_test_fc_uplink_fade_L30_h10_thr10,perfect_switch_externalHoldout_test_fc_uplink_fade_L30_h10_thr10,switch_eval,externalHoldout_test_fc_uplink_fade_L30_h10_thr10,results/comparisons/switch_eval_gru_s2v_raw_externalHoldout_test_fc_uplink_fade_L30_h10_thr10,results/comparisons/switch_eval_gru_s2v_raw_externalHoldout_test_fc_uplink_fade_L30_h10_thr10/metrics,results/comparisons/switch_eval_gru_s2v_raw_externalHoldout_test_fc_uplink_fade_L30_h10_thr10/figures,complete,2026-06-19T08:11:18.246355+00:00
switch_eval_gru_seq2seq_contextStandard_externalHoldout_test_fc_uplink_fade_L30_h10_thr10,gru_seq2seq_contextStandard_externalHoldout_test_fc_uplink_fade_L30_h10_thr10,perfect_switch_externalHoldout_test_fc_uplink_fade_L30_h10_thr10,switch_eval,externalHoldout_test_fc_uplink_fade_L30_h10_thr10,results/comparisons/switch_eval_gru_seq2seq_contextStandard_externalHoldout_test_fc_uplink_fade_L30_h10_thr10,results/comparisons/switch_eval_gru_seq2seq_contextStandard_externalHoldout_test_fc_uplink_fade_L30_h10_thr10/metrics,results/comparisons/switch_eval_gru_seq2seq_contextStandard_externalHoldout_test_fc_uplink_fade_L30_h10_thr10/figures,complete,2026-06-19T08:12:42.979928+00:00
switch_eval_gru_seq2seq_raw_externalHoldout_test_fc_uplink_fade_L30_h10_thr10,gru_seq2seq_raw_externalHoldout_test_fc_uplink_fade_L30_h10_thr10,perfect_switch_externalHoldout_test_fc_uplink_fade_L30_h10_thr10,switch_eval,externalHoldout_test_fc_uplink_fade_L30_h10_thr10,results/comparisons/switch_eval_gru_seq2seq_raw_externalHoldout_test_fc_uplink_fade_L30_h10_thr10,results/comparisons/switch_eval_gru_seq2seq_raw_externalHoldout_test_fc_uplink_fade_L30_h10_thr10/metrics,results/comparisons/switch_eval_gru_seq2seq_raw_externalHoldout_test_fc_uplink_fade_L30_h10_thr10/figures,complete,2026-06-19T08:12:14.688818+00:00
switch_eval_patchtst_contextStandard_externalHoldout_test_fc_uplink_fade_L30_h10_thr10,patchtst_contextStandard_externalHoldout_test_fc_uplink_fade_L30_h10_thr10,perfect_switch_externalHoldout_test_fc_uplink_fade_L30_h10_thr10,switch_eval,externalHoldout_test_fc_uplink_fade_L30_h10_thr10,results/comparisons/switch_eval_patchtst_contextStandard_externalHoldout_test_fc_uplink_fade_L30_h10_thr10,results/comparisons/switch_eval_patchtst_contextStandard_externalHoldout_test_fc_uplink_fade_L30_h10_thr10/metrics,results/comparisons/switch_eval_patchtst_contextStandard_externalHoldout_test_fc_uplink_fade_L30_h10_thr10/figures,complete,2026-06-19T08:13:38.007731+00:00
switch_eval_patchtst_raw_externalHoldout_test_fc_uplink_fade_L30_h10_thr10,patchtst_raw_externalHoldout_test_fc_uplink_fade_L30_h10_thr10,perfect_switch_externalHoldout_test_fc_uplink_fade_L30_h10_thr10,switch_eval,externalHoldout_test_fc_uplink_fade_L30_h10_thr10,results/comparisons/switch_eval_patchtst_raw_externalHoldout_test_fc_uplink_fade_L30_h10_thr10,results/comparisons/switch_eval_patchtst_raw_externalHoldout_test_fc_uplink_fade_L30_h10_thr10/metrics,results/comparisons/switch_eval_patchtst_raw_externalHoldout_test_fc_uplink_fade_L30_h10_thr10/figures,complete,2026-06-19T08:13:10.429241+00:00
