run_id,model_family,architecture,variant,selection_id,dataset_selection,threshold,context_length,prediction_length,results_path,model_path,predictions_path,metrics_path,status,created_at
chronos_zero_shot_raw_autoLargest_L30_h10_thr10,chronos,chronos_zero_shot,raw,autoLargest_L30_h10_thr10,uplink_beacon_data_fucino_GX4.csv,10.0,30,10,results/runs/chronos_zero_shot_raw_autoLargest_L30_h10_thr10,models/chronos/chronos_zero_shot_raw_autoLargest_L30_h10_thr10,results/runs/chronos_zero_shot_raw_autoLargest_L30_h10_thr10/predictions/test_predictions.parquet,results/runs/chronos_zero_shot_raw_autoLargest_L30_h10_thr10/metrics,complete,2026-06-16T10:25:25.140509+00:00
chronos_zero_shot_raw_externalHoldout_test_fc_uplink_fade_L30_h10_thr10,chronos,chronos_zero_shot,raw,externalHoldout_test_fc_uplink_fade_L30_h10_thr10,uplink_beacon_data_fucino_GX4.csv;dati_meteo_beacon.csv;fc-downlink-fade.csv;UPLINK-FADE_Fucino_GX4_AprJun2021.csv;UPLINK-FADE_Fucino_GX5_AprJun2021.csv;DOWNLINK-FADE_Fucino_GX4_MarJun2021.csv;DOWNLINK-FADE_Fucino_GX5_AprJun2021.csv;fc-uplink-fade.csv,10.0,30,10,results/runs/chronos_zero_shot_raw_externalHoldout_test_fc_uplink_fade_L30_h10_thr10,models/chronos/chronos_zero_shot_raw_externalHoldout_test_fc_uplink_fade_L30_h10_thr10,results/runs/chronos_zero_shot_raw_externalHoldout_test_fc_uplink_fade_L30_h10_thr10/predictions/test_predictions.parquet,results/runs/chronos_zero_shot_raw_externalHoldout_test_fc_uplink_fade_L30_h10_thr10/metrics,complete,2026-06-17T09:36:28.688896+00:00
gru_s2v_contextStandard_autoLargest_L30_h10_thr10,gru,gru_s2v,context_standard,autoLargest_L30_h10_thr10,uplink_beacon_data_fucino_GX4.csv,10.0,30,10,results/runs/gru_s2v_contextStandard_autoLargest_L30_h10_thr10,models/gru/gru_s2v_contextStandard_autoLargest_L30_h10_thr10,results/runs/gru_s2v_contextStandard_autoLargest_L30_h10_thr10/predictions/test_predictions.parquet,results/runs/gru_s2v_contextStandard_autoLargest_L30_h10_thr10/metrics,complete,2026-06-16T10:52:06.179771+00:00
gru_s2v_contextStandard_externalHoldout_test_fc_uplink_fade_L30_h10_thr10,gru,gru_s2v,context_standard,externalHoldout_test_fc_uplink_fade_L30_h10_thr10,uplink_beacon_data_fucino_GX4.csv;dati_meteo_beacon.csv;fc-downlink-fade.csv;UPLINK-FADE_Fucino_GX4_AprJun2021.csv;UPLINK-FADE_Fucino_GX5_AprJun2021.csv;DOWNLINK-FADE_Fucino_GX4_MarJun2021.csv;DOWNLINK-FADE_Fucino_GX5_AprJun2021.csv;fc-uplink-fade.csv,10.0,30,10,results/runs/gru_s2v_contextStandard_externalHoldout_test_fc_uplink_fade_L30_h10_thr10,models/gru/gru_s2v_contextStandard_externalHoldout_test_fc_uplink_fade_L30_h10_thr10,results/runs/gru_s2v_contextStandard_externalHoldout_test_fc_uplink_fade_L30_h10_thr10/predictions/test_predictions.parquet,results/runs/gru_s2v_contextStandard_externalHoldout_test_fc_uplink_fade_L30_h10_thr10/metrics,complete,2026-06-17T00:24:07.700720+00:00
gru_s2v_raw_autoLargest_L30_h10_thr10,gru,gru_s2v,raw,autoLargest_L30_h10_thr10,uplink_beacon_data_fucino_GX4.csv,10.0,30,10,results/runs/gru_s2v_raw_autoLargest_L30_h10_thr10,models/gru/gru_s2v_raw_autoLargest_L30_h10_thr10,results/runs/gru_s2v_raw_autoLargest_L30_h10_thr10/predictions/test_predictions.parquet,results/runs/gru_s2v_raw_autoLargest_L30_h10_thr10/metrics,complete,2026-06-16T09:51:42.245882+00:00
gru_s2v_raw_externalHoldout_test_fc_uplink_fade_L30_h10_thr10,gru,gru_s2v,raw,externalHoldout_test_fc_uplink_fade_L30_h10_thr10,uplink_beacon_data_fucino_GX4.csv;dati_meteo_beacon.csv;fc-downlink-fade.csv;UPLINK-FADE_Fucino_GX4_AprJun2021.csv;UPLINK-FADE_Fucino_GX5_AprJun2021.csv;DOWNLINK-FADE_Fucino_GX4_MarJun2021.csv;DOWNLINK-FADE_Fucino_GX5_AprJun2021.csv;fc-uplink-fade.csv,10.0,30,10,results/runs/gru_s2v_raw_externalHoldout_test_fc_uplink_fade_L30_h10_thr10,models/gru/gru_s2v_raw_externalHoldout_test_fc_uplink_fade_L30_h10_thr10,results/runs/gru_s2v_raw_externalHoldout_test_fc_uplink_fade_L30_h10_thr10/predictions/test_predictions.parquet,results/runs/gru_s2v_raw_externalHoldout_test_fc_uplink_fade_L30_h10_thr10/metrics,complete,2026-06-17T00:10:09.568304+00:00
gru_seq2seq_contextStandard_externalHoldout_test_fc_uplink_fade_L30_h10_thr10,gru,gru_seq2seq,context_standard,externalHoldout_test_fc_uplink_fade_L30_h10_thr10,uplink_beacon_data_fucino_GX4.csv;dati_meteo_beacon.csv;fc-downlink-fade.csv;UPLINK-FADE_Fucino_GX4_AprJun2021.csv;UPLINK-FADE_Fucino_GX5_AprJun2021.csv;DOWNLINK-FADE_Fucino_GX4_MarJun2021.csv;DOWNLINK-FADE_Fucino_GX5_AprJun2021.csv;fc-uplink-fade.csv,10.0,30,10,results/runs/gru_seq2seq_contextStandard_externalHoldout_test_fc_uplink_fade_L30_h10_thr10,models/gru/gru_seq2seq_contextStandard_externalHoldout_test_fc_uplink_fade_L30_h10_thr10,results/runs/gru_seq2seq_contextStandard_externalHoldout_test_fc_uplink_fade_L30_h10_thr10/predictions/test_predictions.parquet,results/runs/gru_seq2seq_contextStandard_externalHoldout_test_fc_uplink_fade_L30_h10_thr10/metrics,complete,2026-06-17T05:06:20.309876+00:00
gru_seq2seq_raw_autoLargest_L30_h10_thr10,gru,gru_seq2seq,raw,autoLargest_L30_h10_thr10,uplink_beacon_data_fucino_GX4.csv,10.0,30,10,results/runs/gru_seq2seq_raw_autoLargest_L30_h10_thr10,models/gru/gru_seq2seq_raw_autoLargest_L30_h10_thr10,results/runs/gru_seq2seq_raw_autoLargest_L30_h10_thr10/predictions/test_predictions.parquet,results/runs/gru_seq2seq_raw_autoLargest_L30_h10_thr10/metrics,complete,2026-06-16T14:59:38.718293+00:00
gru_seq2seq_raw_externalHoldout_test_fc_uplink_fade_L30_h10_thr10,gru,gru_seq2seq,raw,externalHoldout_test_fc_uplink_fade_L30_h10_thr10,uplink_beacon_data_fucino_GX4.csv;dati_meteo_beacon.csv;fc-downlink-fade.csv;UPLINK-FADE_Fucino_GX4_AprJun2021.csv;UPLINK-FADE_Fucino_GX5_AprJun2021.csv;DOWNLINK-FADE_Fucino_GX4_MarJun2021.csv;DOWNLINK-FADE_Fucino_GX5_AprJun2021.csv;fc-uplink-fade.csv,10.0,30,10,results/runs/gru_seq2seq_raw_externalHoldout_test_fc_uplink_fade_L30_h10_thr10,models/gru/gru_seq2seq_raw_externalHoldout_test_fc_uplink_fade_L30_h10_thr10,results/runs/gru_seq2seq_raw_externalHoldout_test_fc_uplink_fade_L30_h10_thr10/predictions/test_predictions.parquet,results/runs/gru_seq2seq_raw_externalHoldout_test_fc_uplink_fade_L30_h10_thr10/metrics,complete,2026-06-17T03:16:10.732513+00:00
patchtst_contextStandard_externalHoldout_test_fc_uplink_fade_L30_h10_thr10,patchtst,patchtst,context_standard,externalHoldout_test_fc_uplink_fade_L30_h10_thr10,uplink_beacon_data_fucino_GX4.csv;dati_meteo_beacon.csv;fc-downlink-fade.csv;UPLINK-FADE_Fucino_GX4_AprJun2021.csv;UPLINK-FADE_Fucino_GX5_AprJun2021.csv;DOWNLINK-FADE_Fucino_GX4_MarJun2021.csv;DOWNLINK-FADE_Fucino_GX5_AprJun2021.csv;fc-uplink-fade.csv,10.0,30,10,results/runs/patchtst_contextStandard_externalHoldout_test_fc_uplink_fade_L30_h10_thr10,models/patchtst/patchtst_contextStandard_externalHoldout_test_fc_uplink_fade_L30_h10_thr10,results/runs/patchtst_contextStandard_externalHoldout_test_fc_uplink_fade_L30_h10_thr10/predictions/test_predictions.parquet,results/runs/patchtst_contextStandard_externalHoldout_test_fc_uplink_fade_L30_h10_thr10/metrics,complete,2026-06-17T01:33:11.089430+00:00
patchtst_raw_externalHoldout_test_fc_uplink_fade_L30_h10_thr10,patchtst,patchtst,raw,externalHoldout_test_fc_uplink_fade_L30_h10_thr10,uplink_beacon_data_fucino_GX4.csv;dati_meteo_beacon.csv;fc-downlink-fade.csv;UPLINK-FADE_Fucino_GX4_AprJun2021.csv;UPLINK-FADE_Fucino_GX5_AprJun2021.csv;DOWNLINK-FADE_Fucino_GX4_MarJun2021.csv;DOWNLINK-FADE_Fucino_GX5_AprJun2021.csv;fc-uplink-fade.csv,10.0,30,10,results/runs/patchtst_raw_externalHoldout_test_fc_uplink_fade_L30_h10_thr10,models/patchtst/patchtst_raw_externalHoldout_test_fc_uplink_fade_L30_h10_thr10,results/runs/patchtst_raw_externalHoldout_test_fc_uplink_fade_L30_h10_thr10/predictions/test_predictions.parquet,results/runs/patchtst_raw_externalHoldout_test_fc_uplink_fade_L30_h10_thr10/metrics,complete,2026-06-17T00:50:17.943923+00:00
