scope,task_name,method_name,plot_type,path
intra_task,autoregressive,Chronos Zero-Shot Raw,event_raw_vs_postprocessed_timeline,results/comparisons/switch_diagnostics/autoregressive/externalHoldout_test_fc_uplink_fade_L30_h10_thr10/chronos_zero_shot_raw_externalHoldout_test_fc_uplink_fade_L30_h10_thr10/figures/event_timelines/event_001_dataset_007_event_00001_raw_vs_postprocessed.png
intra_task,autoregressive,Chronos Zero-Shot Raw,event_raw_vs_postprocessed_timeline,results/comparisons/switch_diagnostics/autoregressive/externalHoldout_test_fc_uplink_fade_L30_h10_thr10/chronos_zero_shot_raw_externalHoldout_test_fc_uplink_fade_L30_h10_thr10/figures/event_timelines/event_002_dataset_007_event_00002_raw_vs_postprocessed.png
intra_task,autoregressive,Chronos Zero-Shot Raw,event_raw_vs_postprocessed_timeline,results/comparisons/switch_diagnostics/autoregressive/externalHoldout_test_fc_uplink_fade_L30_h10_thr10/chronos_zero_shot_raw_externalHoldout_test_fc_uplink_fade_L30_h10_thr10/figures/event_timelines/event_003_dataset_007_event_00003_raw_vs_postprocessed.png
intra_task,autoregressive,Chronos Zero-Shot Raw,event_raw_vs_postprocessed_timeline,results/comparisons/switch_diagnostics/autoregressive/externalHoldout_test_fc_uplink_fade_L30_h10_thr10/chronos_zero_shot_raw_externalHoldout_test_fc_uplink_fade_L30_h10_thr10/figures/event_timelines/event_004_dataset_007_event_00004_raw_vs_postprocessed.png
intra_task,autoregressive,Chronos Zero-Shot Raw,event_raw_vs_postprocessed_timeline,results/comparisons/switch_diagnostics/autoregressive/externalHoldout_test_fc_uplink_fade_L30_h10_thr10/chronos_zero_shot_raw_externalHoldout_test_fc_uplink_fade_L30_h10_thr10/figures/event_timelines/event_005_dataset_007_event_00005_raw_vs_postprocessed.png
intra_task,autoregressive,Chronos Zero-Shot Raw,event_raw_vs_postprocessed_timeline,results/comparisons/switch_diagnostics/autoregressive/externalHoldout_test_fc_uplink_fade_L30_h10_thr10/chronos_zero_shot_raw_externalHoldout_test_fc_uplink_fade_L30_h10_thr10/figures/event_timelines/event_006_dataset_007_event_00006_raw_vs_postprocessed.png
intra_task,autoregressive,Chronos Zero-Shot Raw,autoregressive_horizon_error,results/comparisons/switch_diagnostics/autoregressive/externalHoldout_test_fc_uplink_fade_L30_h10_thr10/chronos_zero_shot_raw_externalHoldout_test_fc_uplink_fade_L30_h10_thr10/figures/task_specific/horizon_error.png
intra_task,autoregressive,Chronos Zero-Shot Raw,autoregressive_forecast_example,results/comparisons/switch_diagnostics/autoregressive/externalHoldout_test_fc_uplink_fade_L30_h10_thr10/chronos_zero_shot_raw_externalHoldout_test_fc_uplink_fade_L30_h10_thr10/figures/forecast_examples/forecast_001_window_000010896.png
intra_task,autoregressive,Chronos Zero-Shot Raw,autoregressive_forecast_example,results/comparisons/switch_diagnostics/autoregressive/externalHoldout_test_fc_uplink_fade_L30_h10_thr10/chronos_zero_shot_raw_externalHoldout_test_fc_uplink_fade_L30_h10_thr10/figures/forecast_examples/forecast_002_window_000010897.png
intra_task,autoregressive,Chronos Zero-Shot Raw,autoregressive_forecast_example,results/comparisons/switch_diagnostics/autoregressive/externalHoldout_test_fc_uplink_fade_L30_h10_thr10/chronos_zero_shot_raw_externalHoldout_test_fc_uplink_fade_L30_h10_thr10/figures/forecast_examples/forecast_003_window_000010898.png
intra_task,autoregressive,GRU S2V Context Standard,event_raw_vs_postprocessed_timeline,results/comparisons/switch_diagnostics/autoregressive/externalHoldout_test_fc_uplink_fade_L30_h10_thr10/gru_s2v_contextStandard_externalHoldout_test_fc_uplink_fade_L30_h10_thr10/figures/event_timelines/event_001_dataset_007_event_00001_raw_vs_postprocessed.png
intra_task,autoregressive,GRU S2V Context Standard,event_raw_vs_postprocessed_timeline,results/comparisons/switch_diagnostics/autoregressive/externalHoldout_test_fc_uplink_fade_L30_h10_thr10/gru_s2v_contextStandard_externalHoldout_test_fc_uplink_fade_L30_h10_thr10/figures/event_timelines/event_002_dataset_007_event_00002_raw_vs_postprocessed.png
intra_task,autoregressive,GRU S2V Context Standard,event_raw_vs_postprocessed_timeline,results/comparisons/switch_diagnostics/autoregressive/externalHoldout_test_fc_uplink_fade_L30_h10_thr10/gru_s2v_contextStandard_externalHoldout_test_fc_uplink_fade_L30_h10_thr10/figures/event_timelines/event_003_dataset_007_event_00003_raw_vs_postprocessed.png
intra_task,autoregressive,GRU S2V Context Standard,event_raw_vs_postprocessed_timeline,results/comparisons/switch_diagnostics/autoregressive/externalHoldout_test_fc_uplink_fade_L30_h10_thr10/gru_s2v_contextStandard_externalHoldout_test_fc_uplink_fade_L30_h10_thr10/figures/event_timelines/event_004_dataset_007_event_00004_raw_vs_postprocessed.png
intra_task,autoregressive,GRU S2V Context Standard,event_raw_vs_postprocessed_timeline,results/comparisons/switch_diagnostics/autoregressive/externalHoldout_test_fc_uplink_fade_L30_h10_thr10/gru_s2v_contextStandard_externalHoldout_test_fc_uplink_fade_L30_h10_thr10/figures/event_timelines/event_005_dataset_007_event_00005_raw_vs_postprocessed.png
intra_task,autoregressive,GRU S2V Context Standard,event_raw_vs_postprocessed_timeline,results/comparisons/switch_diagnostics/autoregressive/externalHoldout_test_fc_uplink_fade_L30_h10_thr10/gru_s2v_contextStandard_externalHoldout_test_fc_uplink_fade_L30_h10_thr10/figures/event_timelines/event_006_dataset_007_event_00006_raw_vs_postprocessed.png
intra_task,autoregressive,GRU S2V Context Standard,autoregressive_horizon_error,results/comparisons/switch_diagnostics/autoregressive/externalHoldout_test_fc_uplink_fade_L30_h10_thr10/gru_s2v_contextStandard_externalHoldout_test_fc_uplink_fade_L30_h10_thr10/figures/task_specific/horizon_error.png
intra_task,autoregressive,GRU S2V Context Standard,autoregressive_forecast_example,results/comparisons/switch_diagnostics/autoregressive/externalHoldout_test_fc_uplink_fade_L30_h10_thr10/gru_s2v_contextStandard_externalHoldout_test_fc_uplink_fade_L30_h10_thr10/figures/forecast_examples/forecast_001_window_000010896.png
intra_task,autoregressive,GRU S2V Context Standard,autoregressive_forecast_example,results/comparisons/switch_diagnostics/autoregressive/externalHoldout_test_fc_uplink_fade_L30_h10_thr10/gru_s2v_contextStandard_externalHoldout_test_fc_uplink_fade_L30_h10_thr10/figures/forecast_examples/forecast_002_window_000010897.png
intra_task,autoregressive,GRU S2V Context Standard,autoregressive_forecast_example,results/comparisons/switch_diagnostics/autoregressive/externalHoldout_test_fc_uplink_fade_L30_h10_thr10/gru_s2v_contextStandard_externalHoldout_test_fc_uplink_fade_L30_h10_thr10/figures/forecast_examples/forecast_003_window_000010898.png
intra_task,autoregressive,GRU S2V Raw,event_raw_vs_postprocessed_timeline,results/comparisons/switch_diagnostics/autoregressive/externalHoldout_test_fc_uplink_fade_L30_h10_thr10/gru_s2v_raw_externalHoldout_test_fc_uplink_fade_L30_h10_thr10/figures/event_timelines/event_001_dataset_007_event_00001_raw_vs_postprocessed.png
intra_task,autoregressive,GRU S2V Raw,event_raw_vs_postprocessed_timeline,results/comparisons/switch_diagnostics/autoregressive/externalHoldout_test_fc_uplink_fade_L30_h10_thr10/gru_s2v_raw_externalHoldout_test_fc_uplink_fade_L30_h10_thr10/figures/event_timelines/event_002_dataset_007_event_00002_raw_vs_postprocessed.png
intra_task,autoregressive,GRU S2V Raw,event_raw_vs_postprocessed_timeline,results/comparisons/switch_diagnostics/autoregressive/externalHoldout_test_fc_uplink_fade_L30_h10_thr10/gru_s2v_raw_externalHoldout_test_fc_uplink_fade_L30_h10_thr10/figures/event_timelines/event_003_dataset_007_event_00003_raw_vs_postprocessed.png
intra_task,autoregressive,GRU S2V Raw,event_raw_vs_postprocessed_timeline,results/comparisons/switch_diagnostics/autoregressive/externalHoldout_test_fc_uplink_fade_L30_h10_thr10/gru_s2v_raw_externalHoldout_test_fc_uplink_fade_L30_h10_thr10/figures/event_timelines/event_004_dataset_007_event_00004_raw_vs_postprocessed.png
intra_task,autoregressive,GRU S2V Raw,event_raw_vs_postprocessed_timeline,results/comparisons/switch_diagnostics/autoregressive/externalHoldout_test_fc_uplink_fade_L30_h10_thr10/gru_s2v_raw_externalHoldout_test_fc_uplink_fade_L30_h10_thr10/figures/event_timelines/event_005_dataset_007_event_00005_raw_vs_postprocessed.png
intra_task,autoregressive,GRU S2V Raw,event_raw_vs_postprocessed_timeline,results/comparisons/switch_diagnostics/autoregressive/externalHoldout_test_fc_uplink_fade_L30_h10_thr10/gru_s2v_raw_externalHoldout_test_fc_uplink_fade_L30_h10_thr10/figures/event_timelines/event_006_dataset_007_event_00006_raw_vs_postprocessed.png
intra_task,autoregressive,GRU S2V Raw,autoregressive_horizon_error,results/comparisons/switch_diagnostics/autoregressive/externalHoldout_test_fc_uplink_fade_L30_h10_thr10/gru_s2v_raw_externalHoldout_test_fc_uplink_fade_L30_h10_thr10/figures/task_specific/horizon_error.png
intra_task,autoregressive,GRU S2V Raw,autoregressive_forecast_example,results/comparisons/switch_diagnostics/autoregressive/externalHoldout_test_fc_uplink_fade_L30_h10_thr10/gru_s2v_raw_externalHoldout_test_fc_uplink_fade_L30_h10_thr10/figures/forecast_examples/forecast_001_window_000010895.png
intra_task,autoregressive,GRU S2V Raw,autoregressive_forecast_example,results/comparisons/switch_diagnostics/autoregressive/externalHoldout_test_fc_uplink_fade_L30_h10_thr10/gru_s2v_raw_externalHoldout_test_fc_uplink_fade_L30_h10_thr10/figures/forecast_examples/forecast_002_window_000010896.png
intra_task,autoregressive,GRU S2V Raw,autoregressive_forecast_example,results/comparisons/switch_diagnostics/autoregressive/externalHoldout_test_fc_uplink_fade_L30_h10_thr10/gru_s2v_raw_externalHoldout_test_fc_uplink_fade_L30_h10_thr10/figures/forecast_examples/forecast_003_window_000010897.png
intra_task,autoregressive,GRU Seq2Seq Context Standard,event_raw_vs_postprocessed_timeline,results/comparisons/switch_diagnostics/autoregressive/externalHoldout_test_fc_uplink_fade_L30_h10_thr10/gru_seq2seq_contextStandard_externalHoldout_test_fc_uplink_fade_L30_h10_thr10/figures/event_timelines/event_001_dataset_007_event_00001_raw_vs_postprocessed.png
intra_task,autoregressive,GRU Seq2Seq Context Standard,event_raw_vs_postprocessed_timeline,results/comparisons/switch_diagnostics/autoregressive/externalHoldout_test_fc_uplink_fade_L30_h10_thr10/gru_seq2seq_contextStandard_externalHoldout_test_fc_uplink_fade_L30_h10_thr10/figures/event_timelines/event_002_dataset_007_event_00002_raw_vs_postprocessed.png
intra_task,autoregressive,GRU Seq2Seq Context Standard,event_raw_vs_postprocessed_timeline,results/comparisons/switch_diagnostics/autoregressive/externalHoldout_test_fc_uplink_fade_L30_h10_thr10/gru_seq2seq_contextStandard_externalHoldout_test_fc_uplink_fade_L30_h10_thr10/figures/event_timelines/event_003_dataset_007_event_00003_raw_vs_postprocessed.png
intra_task,autoregressive,GRU Seq2Seq Context Standard,event_raw_vs_postprocessed_timeline,results/comparisons/switch_diagnostics/autoregressive/externalHoldout_test_fc_uplink_fade_L30_h10_thr10/gru_seq2seq_contextStandard_externalHoldout_test_fc_uplink_fade_L30_h10_thr10/figures/event_timelines/event_004_dataset_007_event_00004_raw_vs_postprocessed.png
intra_task,autoregressive,GRU Seq2Seq Context Standard,event_raw_vs_postprocessed_timeline,results/comparisons/switch_diagnostics/autoregressive/externalHoldout_test_fc_uplink_fade_L30_h10_thr10/gru_seq2seq_contextStandard_externalHoldout_test_fc_uplink_fade_L30_h10_thr10/figures/event_timelines/event_005_dataset_007_event_00005_raw_vs_postprocessed.png
intra_task,autoregressive,GRU Seq2Seq Context Standard,event_raw_vs_postprocessed_timeline,results/comparisons/switch_diagnostics/autoregressive/externalHoldout_test_fc_uplink_fade_L30_h10_thr10/gru_seq2seq_contextStandard_externalHoldout_test_fc_uplink_fade_L30_h10_thr10/figures/event_timelines/event_006_dataset_007_event_00006_raw_vs_postprocessed.png
intra_task,autoregressive,GRU Seq2Seq Context Standard,autoregressive_horizon_error,results/comparisons/switch_diagnostics/autoregressive/externalHoldout_test_fc_uplink_fade_L30_h10_thr10/gru_seq2seq_contextStandard_externalHoldout_test_fc_uplink_fade_L30_h10_thr10/figures/task_specific/horizon_error.png
intra_task,autoregressive,GRU Seq2Seq Context Standard,autoregressive_forecast_example,results/comparisons/switch_diagnostics/autoregressive/externalHoldout_test_fc_uplink_fade_L30_h10_thr10/gru_seq2seq_contextStandard_externalHoldout_test_fc_uplink_fade_L30_h10_thr10/figures/forecast_examples/forecast_001_window_000010895.png
intra_task,autoregressive,GRU Seq2Seq Context Standard,autoregressive_forecast_example,results/comparisons/switch_diagnostics/autoregressive/externalHoldout_test_fc_uplink_fade_L30_h10_thr10/gru_seq2seq_contextStandard_externalHoldout_test_fc_uplink_fade_L30_h10_thr10/figures/forecast_examples/forecast_002_window_000010896.png
intra_task,autoregressive,GRU Seq2Seq Context Standard,autoregressive_forecast_example,results/comparisons/switch_diagnostics/autoregressive/externalHoldout_test_fc_uplink_fade_L30_h10_thr10/gru_seq2seq_contextStandard_externalHoldout_test_fc_uplink_fade_L30_h10_thr10/figures/forecast_examples/forecast_003_window_000010897.png
intra_task,autoregressive,GRU Seq2Seq Raw,event_raw_vs_postprocessed_timeline,results/comparisons/switch_diagnostics/autoregressive/externalHoldout_test_fc_uplink_fade_L30_h10_thr10/gru_seq2seq_raw_externalHoldout_test_fc_uplink_fade_L30_h10_thr10/figures/event_timelines/event_001_dataset_007_event_00001_raw_vs_postprocessed.png
intra_task,autoregressive,GRU Seq2Seq Raw,event_raw_vs_postprocessed_timeline,results/comparisons/switch_diagnostics/autoregressive/externalHoldout_test_fc_uplink_fade_L30_h10_thr10/gru_seq2seq_raw_externalHoldout_test_fc_uplink_fade_L30_h10_thr10/figures/event_timelines/event_002_dataset_007_event_00002_raw_vs_postprocessed.png
intra_task,autoregressive,GRU Seq2Seq Raw,event_raw_vs_postprocessed_timeline,results/comparisons/switch_diagnostics/autoregressive/externalHoldout_test_fc_uplink_fade_L30_h10_thr10/gru_seq2seq_raw_externalHoldout_test_fc_uplink_fade_L30_h10_thr10/figures/event_timelines/event_003_dataset_007_event_00003_raw_vs_postprocessed.png
intra_task,autoregressive,GRU Seq2Seq Raw,event_raw_vs_postprocessed_timeline,results/comparisons/switch_diagnostics/autoregressive/externalHoldout_test_fc_uplink_fade_L30_h10_thr10/gru_seq2seq_raw_externalHoldout_test_fc_uplink_fade_L30_h10_thr10/figures/event_timelines/event_004_dataset_007_event_00004_raw_vs_postprocessed.png
intra_task,autoregressive,GRU Seq2Seq Raw,event_raw_vs_postprocessed_timeline,results/comparisons/switch_diagnostics/autoregressive/externalHoldout_test_fc_uplink_fade_L30_h10_thr10/gru_seq2seq_raw_externalHoldout_test_fc_uplink_fade_L30_h10_thr10/figures/event_timelines/event_005_dataset_007_event_00005_raw_vs_postprocessed.png
intra_task,autoregressive,GRU Seq2Seq Raw,event_raw_vs_postprocessed_timeline,results/comparisons/switch_diagnostics/autoregressive/externalHoldout_test_fc_uplink_fade_L30_h10_thr10/gru_seq2seq_raw_externalHoldout_test_fc_uplink_fade_L30_h10_thr10/figures/event_timelines/event_006_dataset_007_event_00006_raw_vs_postprocessed.png
intra_task,autoregressive,GRU Seq2Seq Raw,autoregressive_horizon_error,results/comparisons/switch_diagnostics/autoregressive/externalHoldout_test_fc_uplink_fade_L30_h10_thr10/gru_seq2seq_raw_externalHoldout_test_fc_uplink_fade_L30_h10_thr10/figures/task_specific/horizon_error.png
intra_task,autoregressive,GRU Seq2Seq Raw,autoregressive_forecast_example,results/comparisons/switch_diagnostics/autoregressive/externalHoldout_test_fc_uplink_fade_L30_h10_thr10/gru_seq2seq_raw_externalHoldout_test_fc_uplink_fade_L30_h10_thr10/figures/forecast_examples/forecast_001_window_000010895.png
intra_task,autoregressive,GRU Seq2Seq Raw,autoregressive_forecast_example,results/comparisons/switch_diagnostics/autoregressive/externalHoldout_test_fc_uplink_fade_L30_h10_thr10/gru_seq2seq_raw_externalHoldout_test_fc_uplink_fade_L30_h10_thr10/figures/forecast_examples/forecast_002_window_000010896.png
intra_task,autoregressive,GRU Seq2Seq Raw,autoregressive_forecast_example,results/comparisons/switch_diagnostics/autoregressive/externalHoldout_test_fc_uplink_fade_L30_h10_thr10/gru_seq2seq_raw_externalHoldout_test_fc_uplink_fade_L30_h10_thr10/figures/forecast_examples/forecast_003_window_000010897.png
intra_task,autoregressive,PatchTST Context Standard,event_raw_vs_postprocessed_timeline,results/comparisons/switch_diagnostics/autoregressive/externalHoldout_test_fc_uplink_fade_L30_h10_thr10/patchtst_contextStandard_externalHoldout_test_fc_uplink_fade_L30_h10_thr10/figures/event_timelines/event_001_dataset_007_event_00001_raw_vs_postprocessed.png
intra_task,autoregressive,PatchTST Context Standard,event_raw_vs_postprocessed_timeline,results/comparisons/switch_diagnostics/autoregressive/externalHoldout_test_fc_uplink_fade_L30_h10_thr10/patchtst_contextStandard_externalHoldout_test_fc_uplink_fade_L30_h10_thr10/figures/event_timelines/event_002_dataset_007_event_00002_raw_vs_postprocessed.png
intra_task,autoregressive,PatchTST Context Standard,event_raw_vs_postprocessed_timeline,results/comparisons/switch_diagnostics/autoregressive/externalHoldout_test_fc_uplink_fade_L30_h10_thr10/patchtst_contextStandard_externalHoldout_test_fc_uplink_fade_L30_h10_thr10/figures/event_timelines/event_003_dataset_007_event_00003_raw_vs_postprocessed.png
intra_task,autoregressive,PatchTST Context Standard,event_raw_vs_postprocessed_timeline,results/comparisons/switch_diagnostics/autoregressive/externalHoldout_test_fc_uplink_fade_L30_h10_thr10/patchtst_contextStandard_externalHoldout_test_fc_uplink_fade_L30_h10_thr10/figures/event_timelines/event_004_dataset_007_event_00004_raw_vs_postprocessed.png
intra_task,autoregressive,PatchTST Context Standard,event_raw_vs_postprocessed_timeline,results/comparisons/switch_diagnostics/autoregressive/externalHoldout_test_fc_uplink_fade_L30_h10_thr10/patchtst_contextStandard_externalHoldout_test_fc_uplink_fade_L30_h10_thr10/figures/event_timelines/event_005_dataset_007_event_00005_raw_vs_postprocessed.png
intra_task,autoregressive,PatchTST Context Standard,event_raw_vs_postprocessed_timeline,results/comparisons/switch_diagnostics/autoregressive/externalHoldout_test_fc_uplink_fade_L30_h10_thr10/patchtst_contextStandard_externalHoldout_test_fc_uplink_fade_L30_h10_thr10/figures/event_timelines/event_006_dataset_007_event_00006_raw_vs_postprocessed.png
intra_task,autoregressive,PatchTST Context Standard,autoregressive_horizon_error,results/comparisons/switch_diagnostics/autoregressive/externalHoldout_test_fc_uplink_fade_L30_h10_thr10/patchtst_contextStandard_externalHoldout_test_fc_uplink_fade_L30_h10_thr10/figures/task_specific/horizon_error.png
intra_task,autoregressive,PatchTST Context Standard,autoregressive_forecast_example,results/comparisons/switch_diagnostics/autoregressive/externalHoldout_test_fc_uplink_fade_L30_h10_thr10/patchtst_contextStandard_externalHoldout_test_fc_uplink_fade_L30_h10_thr10/figures/forecast_examples/forecast_001_window_000010895.png
intra_task,autoregressive,PatchTST Context Standard,autoregressive_forecast_example,results/comparisons/switch_diagnostics/autoregressive/externalHoldout_test_fc_uplink_fade_L30_h10_thr10/patchtst_contextStandard_externalHoldout_test_fc_uplink_fade_L30_h10_thr10/figures/forecast_examples/forecast_002_window_000010896.png
intra_task,autoregressive,PatchTST Context Standard,autoregressive_forecast_example,results/comparisons/switch_diagnostics/autoregressive/externalHoldout_test_fc_uplink_fade_L30_h10_thr10/patchtst_contextStandard_externalHoldout_test_fc_uplink_fade_L30_h10_thr10/figures/forecast_examples/forecast_003_window_000010897.png
intra_task,autoregressive,PatchTST Raw,event_raw_vs_postprocessed_timeline,results/comparisons/switch_diagnostics/autoregressive/externalHoldout_test_fc_uplink_fade_L30_h10_thr10/patchtst_raw_externalHoldout_test_fc_uplink_fade_L30_h10_thr10/figures/event_timelines/event_001_dataset_007_event_00001_raw_vs_postprocessed.png
intra_task,autoregressive,PatchTST Raw,event_raw_vs_postprocessed_timeline,results/comparisons/switch_diagnostics/autoregressive/externalHoldout_test_fc_uplink_fade_L30_h10_thr10/patchtst_raw_externalHoldout_test_fc_uplink_fade_L30_h10_thr10/figures/event_timelines/event_002_dataset_007_event_00003_raw_vs_postprocessed.png
intra_task,autoregressive,PatchTST Raw,event_raw_vs_postprocessed_timeline,results/comparisons/switch_diagnostics/autoregressive/externalHoldout_test_fc_uplink_fade_L30_h10_thr10/patchtst_raw_externalHoldout_test_fc_uplink_fade_L30_h10_thr10/figures/event_timelines/event_003_dataset_007_event_00004_raw_vs_postprocessed.png
intra_task,autoregressive,PatchTST Raw,event_raw_vs_postprocessed_timeline,results/comparisons/switch_diagnostics/autoregressive/externalHoldout_test_fc_uplink_fade_L30_h10_thr10/patchtst_raw_externalHoldout_test_fc_uplink_fade_L30_h10_thr10/figures/event_timelines/event_004_dataset_007_event_00006_raw_vs_postprocessed.png
intra_task,autoregressive,PatchTST Raw,event_raw_vs_postprocessed_timeline,results/comparisons/switch_diagnostics/autoregressive/externalHoldout_test_fc_uplink_fade_L30_h10_thr10/patchtst_raw_externalHoldout_test_fc_uplink_fade_L30_h10_thr10/figures/event_timelines/event_005_dataset_007_event_00007_raw_vs_postprocessed.png
intra_task,autoregressive,PatchTST Raw,event_raw_vs_postprocessed_timeline,results/comparisons/switch_diagnostics/autoregressive/externalHoldout_test_fc_uplink_fade_L30_h10_thr10/patchtst_raw_externalHoldout_test_fc_uplink_fade_L30_h10_thr10/figures/event_timelines/event_006_dataset_007_event_00009_raw_vs_postprocessed.png
intra_task,autoregressive,PatchTST Raw,autoregressive_horizon_error,results/comparisons/switch_diagnostics/autoregressive/externalHoldout_test_fc_uplink_fade_L30_h10_thr10/patchtst_raw_externalHoldout_test_fc_uplink_fade_L30_h10_thr10/figures/task_specific/horizon_error.png
intra_task,autoregressive,PatchTST Raw,autoregressive_forecast_example,results/comparisons/switch_diagnostics/autoregressive/externalHoldout_test_fc_uplink_fade_L30_h10_thr10/patchtst_raw_externalHoldout_test_fc_uplink_fade_L30_h10_thr10/figures/forecast_examples/forecast_001_window_000010896.png
intra_task,autoregressive,PatchTST Raw,autoregressive_forecast_example,results/comparisons/switch_diagnostics/autoregressive/externalHoldout_test_fc_uplink_fade_L30_h10_thr10/patchtst_raw_externalHoldout_test_fc_uplink_fade_L30_h10_thr10/figures/forecast_examples/forecast_002_window_000010897.png
intra_task,autoregressive,PatchTST Raw,autoregressive_forecast_example,results/comparisons/switch_diagnostics/autoregressive/externalHoldout_test_fc_uplink_fade_L30_h10_thr10/patchtst_raw_externalHoldout_test_fc_uplink_fade_L30_h10_thr10/figures/forecast_examples/forecast_003_window_000010898.png
intra_task,autoregressive,XGBoost Context Standard,event_raw_vs_postprocessed_timeline,results/comparisons/switch_diagnostics/autoregressive/externalHoldout_test_fc_uplink_fade_L30_h10_thr10/xgboost_contextStandard_externalHoldout_test_fc_uplink_fade_L30_h10_thr10/figures/event_timelines/event_001_dataset_007_event_00001_raw_vs_postprocessed.png
intra_task,autoregressive,XGBoost Context Standard,event_raw_vs_postprocessed_timeline,results/comparisons/switch_diagnostics/autoregressive/externalHoldout_test_fc_uplink_fade_L30_h10_thr10/xgboost_contextStandard_externalHoldout_test_fc_uplink_fade_L30_h10_thr10/figures/event_timelines/event_002_dataset_007_event_00002_raw_vs_postprocessed.png
intra_task,autoregressive,XGBoost Context Standard,event_raw_vs_postprocessed_timeline,results/comparisons/switch_diagnostics/autoregressive/externalHoldout_test_fc_uplink_fade_L30_h10_thr10/xgboost_contextStandard_externalHoldout_test_fc_uplink_fade_L30_h10_thr10/figures/event_timelines/event_003_dataset_007_event_00003_raw_vs_postprocessed.png
intra_task,autoregressive,XGBoost Context Standard,event_raw_vs_postprocessed_timeline,results/comparisons/switch_diagnostics/autoregressive/externalHoldout_test_fc_uplink_fade_L30_h10_thr10/xgboost_contextStandard_externalHoldout_test_fc_uplink_fade_L30_h10_thr10/figures/event_timelines/event_004_dataset_007_event_00004_raw_vs_postprocessed.png
intra_task,autoregressive,XGBoost Context Standard,event_raw_vs_postprocessed_timeline,results/comparisons/switch_diagnostics/autoregressive/externalHoldout_test_fc_uplink_fade_L30_h10_thr10/xgboost_contextStandard_externalHoldout_test_fc_uplink_fade_L30_h10_thr10/figures/event_timelines/event_005_dataset_007_event_00005_raw_vs_postprocessed.png
intra_task,autoregressive,XGBoost Context Standard,event_raw_vs_postprocessed_timeline,results/comparisons/switch_diagnostics/autoregressive/externalHoldout_test_fc_uplink_fade_L30_h10_thr10/xgboost_contextStandard_externalHoldout_test_fc_uplink_fade_L30_h10_thr10/figures/event_timelines/event_006_dataset_007_event_00006_raw_vs_postprocessed.png
intra_task,autoregressive,XGBoost Context Standard,autoregressive_horizon_error,results/comparisons/switch_diagnostics/autoregressive/externalHoldout_test_fc_uplink_fade_L30_h10_thr10/xgboost_contextStandard_externalHoldout_test_fc_uplink_fade_L30_h10_thr10/figures/task_specific/horizon_error.png
intra_task,autoregressive,XGBoost Context Standard,autoregressive_forecast_example,results/comparisons/switch_diagnostics/autoregressive/externalHoldout_test_fc_uplink_fade_L30_h10_thr10/xgboost_contextStandard_externalHoldout_test_fc_uplink_fade_L30_h10_thr10/figures/forecast_examples/forecast_001_window_000010895.png
intra_task,autoregressive,XGBoost Context Standard,autoregressive_forecast_example,results/comparisons/switch_diagnostics/autoregressive/externalHoldout_test_fc_uplink_fade_L30_h10_thr10/xgboost_contextStandard_externalHoldout_test_fc_uplink_fade_L30_h10_thr10/figures/forecast_examples/forecast_002_window_000010896.png
intra_task,autoregressive,XGBoost Context Standard,autoregressive_forecast_example,results/comparisons/switch_diagnostics/autoregressive/externalHoldout_test_fc_uplink_fade_L30_h10_thr10/xgboost_contextStandard_externalHoldout_test_fc_uplink_fade_L30_h10_thr10/figures/forecast_examples/forecast_003_window_000010897.png
intra_task,autoregressive,XGBoost Raw,event_raw_vs_postprocessed_timeline,results/comparisons/switch_diagnostics/autoregressive/externalHoldout_test_fc_uplink_fade_L30_h10_thr10/xgboost_raw_externalHoldout_test_fc_uplink_fade_L30_h10_thr10/figures/event_timelines/event_001_dataset_007_event_00001_raw_vs_postprocessed.png
intra_task,autoregressive,XGBoost Raw,event_raw_vs_postprocessed_timeline,results/comparisons/switch_diagnostics/autoregressive/externalHoldout_test_fc_uplink_fade_L30_h10_thr10/xgboost_raw_externalHoldout_test_fc_uplink_fade_L30_h10_thr10/figures/event_timelines/event_002_dataset_007_event_00002_raw_vs_postprocessed.png
intra_task,autoregressive,XGBoost Raw,event_raw_vs_postprocessed_timeline,results/comparisons/switch_diagnostics/autoregressive/externalHoldout_test_fc_uplink_fade_L30_h10_thr10/xgboost_raw_externalHoldout_test_fc_uplink_fade_L30_h10_thr10/figures/event_timelines/event_003_dataset_007_event_00003_raw_vs_postprocessed.png
intra_task,autoregressive,XGBoost Raw,event_raw_vs_postprocessed_timeline,results/comparisons/switch_diagnostics/autoregressive/externalHoldout_test_fc_uplink_fade_L30_h10_thr10/xgboost_raw_externalHoldout_test_fc_uplink_fade_L30_h10_thr10/figures/event_timelines/event_004_dataset_007_event_00004_raw_vs_postprocessed.png
intra_task,autoregressive,XGBoost Raw,event_raw_vs_postprocessed_timeline,results/comparisons/switch_diagnostics/autoregressive/externalHoldout_test_fc_uplink_fade_L30_h10_thr10/xgboost_raw_externalHoldout_test_fc_uplink_fade_L30_h10_thr10/figures/event_timelines/event_005_dataset_007_event_00005_raw_vs_postprocessed.png
intra_task,autoregressive,XGBoost Raw,event_raw_vs_postprocessed_timeline,results/comparisons/switch_diagnostics/autoregressive/externalHoldout_test_fc_uplink_fade_L30_h10_thr10/xgboost_raw_externalHoldout_test_fc_uplink_fade_L30_h10_thr10/figures/event_timelines/event_006_dataset_007_event_00006_raw_vs_postprocessed.png
intra_task,autoregressive,XGBoost Raw,autoregressive_horizon_error,results/comparisons/switch_diagnostics/autoregressive/externalHoldout_test_fc_uplink_fade_L30_h10_thr10/xgboost_raw_externalHoldout_test_fc_uplink_fade_L30_h10_thr10/figures/task_specific/horizon_error.png
intra_task,autoregressive,XGBoost Raw,autoregressive_forecast_example,results/comparisons/switch_diagnostics/autoregressive/externalHoldout_test_fc_uplink_fade_L30_h10_thr10/xgboost_raw_externalHoldout_test_fc_uplink_fade_L30_h10_thr10/figures/forecast_examples/forecast_001_window_000010896.png
intra_task,autoregressive,XGBoost Raw,autoregressive_forecast_example,results/comparisons/switch_diagnostics/autoregressive/externalHoldout_test_fc_uplink_fade_L30_h10_thr10/xgboost_raw_externalHoldout_test_fc_uplink_fade_L30_h10_thr10/figures/forecast_examples/forecast_002_window_000010897.png
intra_task,autoregressive,XGBoost Raw,autoregressive_forecast_example,results/comparisons/switch_diagnostics/autoregressive/externalHoldout_test_fc_uplink_fade_L30_h10_thr10/xgboost_raw_externalHoldout_test_fc_uplink_fade_L30_h10_thr10/figures/forecast_examples/forecast_003_window_000010898.png
intra_task,current_level_persistence,Shapelet Convolution Scalar Context,event_raw_vs_postprocessed_timeline,results/comparisons/switch_diagnostics/current_level_persistence/externalHoldout_test_fc_uplink_fade/currentLevelPersistence_delta0p5_L30_multiscale_shapelet_convolution_scalarContext_externalHoldout_test_fc_uplink_fade/figures/event_timelines/event_001_dataset_007_event_00001_raw_vs_postprocessed.png
intra_task,current_level_persistence,Shapelet Convolution Scalar Context,event_raw_vs_postprocessed_timeline,results/comparisons/switch_diagnostics/current_level_persistence/externalHoldout_test_fc_uplink_fade/currentLevelPersistence_delta0p5_L30_multiscale_shapelet_convolution_scalarContext_externalHoldout_test_fc_uplink_fade/figures/event_timelines/event_002_dataset_007_event_00003_raw_vs_postprocessed.png
intra_task,current_level_persistence,Shapelet Convolution Scalar Context,event_raw_vs_postprocessed_timeline,results/comparisons/switch_diagnostics/current_level_persistence/externalHoldout_test_fc_uplink_fade/currentLevelPersistence_delta0p5_L30_multiscale_shapelet_convolution_scalarContext_externalHoldout_test_fc_uplink_fade/figures/event_timelines/event_003_dataset_007_event_00004_raw_vs_postprocessed.png
intra_task,current_level_persistence,Shapelet Convolution Scalar Context,event_raw_vs_postprocessed_timeline,results/comparisons/switch_diagnostics/current_level_persistence/externalHoldout_test_fc_uplink_fade/currentLevelPersistence_delta0p5_L30_multiscale_shapelet_convolution_scalarContext_externalHoldout_test_fc_uplink_fade/figures/event_timelines/event_004_dataset_007_event_00006_raw_vs_postprocessed.png
intra_task,current_level_persistence,Shapelet Convolution Scalar Context,event_raw_vs_postprocessed_timeline,results/comparisons/switch_diagnostics/current_level_persistence/externalHoldout_test_fc_uplink_fade/currentLevelPersistence_delta0p5_L30_multiscale_shapelet_convolution_scalarContext_externalHoldout_test_fc_uplink_fade/figures/event_timelines/event_005_dataset_007_event_00007_raw_vs_postprocessed.png
intra_task,current_level_persistence,Shapelet Convolution Scalar Context,event_raw_vs_postprocessed_timeline,results/comparisons/switch_diagnostics/current_level_persistence/externalHoldout_test_fc_uplink_fade/currentLevelPersistence_delta0p5_L30_multiscale_shapelet_convolution_scalarContext_externalHoldout_test_fc_uplink_fade/figures/event_timelines/event_006_dataset_007_event_00009_raw_vs_postprocessed.png
intra_task,current_level_persistence,Shapelet Convolution Scalar Context,duration_predicted_vs_true,results/comparisons/switch_diagnostics/current_level_persistence/externalHoldout_test_fc_uplink_fade/currentLevelPersistence_delta0p5_L30_multiscale_shapelet_convolution_scalarContext_externalHoldout_test_fc_uplink_fade/figures/task_specific/duration_predicted_vs_true.png
intra_task,current_level_persistence,Shapelet Convolution Scalar Context,duration_absolute_error_distribution,results/comparisons/switch_diagnostics/current_level_persistence/externalHoldout_test_fc_uplink_fade/currentLevelPersistence_delta0p5_L30_multiscale_shapelet_convolution_scalarContext_externalHoldout_test_fc_uplink_fade/figures/task_specific/duration_absolute_error_distribution.png
intra_task,current_level_persistence,Shapelet MLP Scalar Context,event_raw_vs_postprocessed_timeline,results/comparisons/switch_diagnostics/current_level_persistence/externalHoldout_test_fc_uplink_fade/currentLevelPersistence_delta0p5_L30_multiscale_shapelet_mlp_scalarContext_externalHoldout_test_fc_uplink_fade/figures/event_timelines/event_001_dataset_007_event_00001_raw_vs_postprocessed.png
intra_task,current_level_persistence,Shapelet MLP Scalar Context,event_raw_vs_postprocessed_timeline,results/comparisons/switch_diagnostics/current_level_persistence/externalHoldout_test_fc_uplink_fade/currentLevelPersistence_delta0p5_L30_multiscale_shapelet_mlp_scalarContext_externalHoldout_test_fc_uplink_fade/figures/event_timelines/event_002_dataset_007_event_00003_raw_vs_postprocessed.png
intra_task,current_level_persistence,Shapelet MLP Scalar Context,event_raw_vs_postprocessed_timeline,results/comparisons/switch_diagnostics/current_level_persistence/externalHoldout_test_fc_uplink_fade/currentLevelPersistence_delta0p5_L30_multiscale_shapelet_mlp_scalarContext_externalHoldout_test_fc_uplink_fade/figures/event_timelines/event_003_dataset_007_event_00004_raw_vs_postprocessed.png
intra_task,current_level_persistence,Shapelet MLP Scalar Context,event_raw_vs_postprocessed_timeline,results/comparisons/switch_diagnostics/current_level_persistence/externalHoldout_test_fc_uplink_fade/currentLevelPersistence_delta0p5_L30_multiscale_shapelet_mlp_scalarContext_externalHoldout_test_fc_uplink_fade/figures/event_timelines/event_004_dataset_007_event_00006_raw_vs_postprocessed.png
intra_task,current_level_persistence,Shapelet MLP Scalar Context,event_raw_vs_postprocessed_timeline,results/comparisons/switch_diagnostics/current_level_persistence/externalHoldout_test_fc_uplink_fade/currentLevelPersistence_delta0p5_L30_multiscale_shapelet_mlp_scalarContext_externalHoldout_test_fc_uplink_fade/figures/event_timelines/event_005_dataset_007_event_00007_raw_vs_postprocessed.png
intra_task,current_level_persistence,Shapelet MLP Scalar Context,event_raw_vs_postprocessed_timeline,results/comparisons/switch_diagnostics/current_level_persistence/externalHoldout_test_fc_uplink_fade/currentLevelPersistence_delta0p5_L30_multiscale_shapelet_mlp_scalarContext_externalHoldout_test_fc_uplink_fade/figures/event_timelines/event_006_dataset_007_event_00009_raw_vs_postprocessed.png
intra_task,current_level_persistence,Shapelet MLP Scalar Context,duration_predicted_vs_true,results/comparisons/switch_diagnostics/current_level_persistence/externalHoldout_test_fc_uplink_fade/currentLevelPersistence_delta0p5_L30_multiscale_shapelet_mlp_scalarContext_externalHoldout_test_fc_uplink_fade/figures/task_specific/duration_predicted_vs_true.png
intra_task,current_level_persistence,Shapelet MLP Scalar Context,duration_absolute_error_distribution,results/comparisons/switch_diagnostics/current_level_persistence/externalHoldout_test_fc_uplink_fade/currentLevelPersistence_delta0p5_L30_multiscale_shapelet_mlp_scalarContext_externalHoldout_test_fc_uplink_fade/figures/task_specific/duration_absolute_error_distribution.png
intra_task,current_level_persistence,Shapelet Transformer Scalar Context,event_raw_vs_postprocessed_timeline,results/comparisons/switch_diagnostics/current_level_persistence/externalHoldout_test_fc_uplink_fade/currentLevelPersistence_delta0p5_L30_multiscale_shapelet_transformer_scalarContext_externalHoldout_test_fc_uplink_fade/figures/event_timelines/event_001_dataset_007_event_00001_raw_vs_postprocessed.png
intra_task,current_level_persistence,Shapelet Transformer Scalar Context,event_raw_vs_postprocessed_timeline,results/comparisons/switch_diagnostics/current_level_persistence/externalHoldout_test_fc_uplink_fade/currentLevelPersistence_delta0p5_L30_multiscale_shapelet_transformer_scalarContext_externalHoldout_test_fc_uplink_fade/figures/event_timelines/event_002_dataset_007_event_00003_raw_vs_postprocessed.png
intra_task,current_level_persistence,Shapelet Transformer Scalar Context,event_raw_vs_postprocessed_timeline,results/comparisons/switch_diagnostics/current_level_persistence/externalHoldout_test_fc_uplink_fade/currentLevelPersistence_delta0p5_L30_multiscale_shapelet_transformer_scalarContext_externalHoldout_test_fc_uplink_fade/figures/event_timelines/event_003_dataset_007_event_00004_raw_vs_postprocessed.png
intra_task,current_level_persistence,Shapelet Transformer Scalar Context,event_raw_vs_postprocessed_timeline,results/comparisons/switch_diagnostics/current_level_persistence/externalHoldout_test_fc_uplink_fade/currentLevelPersistence_delta0p5_L30_multiscale_shapelet_transformer_scalarContext_externalHoldout_test_fc_uplink_fade/figures/event_timelines/event_004_dataset_007_event_00006_raw_vs_postprocessed.png
intra_task,current_level_persistence,Shapelet Transformer Scalar Context,event_raw_vs_postprocessed_timeline,results/comparisons/switch_diagnostics/current_level_persistence/externalHoldout_test_fc_uplink_fade/currentLevelPersistence_delta0p5_L30_multiscale_shapelet_transformer_scalarContext_externalHoldout_test_fc_uplink_fade/figures/event_timelines/event_005_dataset_007_event_00007_raw_vs_postprocessed.png
intra_task,current_level_persistence,Shapelet Transformer Scalar Context,event_raw_vs_postprocessed_timeline,results/comparisons/switch_diagnostics/current_level_persistence/externalHoldout_test_fc_uplink_fade/currentLevelPersistence_delta0p5_L30_multiscale_shapelet_transformer_scalarContext_externalHoldout_test_fc_uplink_fade/figures/event_timelines/event_006_dataset_007_event_00009_raw_vs_postprocessed.png
intra_task,current_level_persistence,Shapelet Transformer Scalar Context,duration_predicted_vs_true,results/comparisons/switch_diagnostics/current_level_persistence/externalHoldout_test_fc_uplink_fade/currentLevelPersistence_delta0p5_L30_multiscale_shapelet_transformer_scalarContext_externalHoldout_test_fc_uplink_fade/figures/task_specific/duration_predicted_vs_true.png
intra_task,current_level_persistence,Shapelet Transformer Scalar Context,duration_absolute_error_distribution,results/comparisons/switch_diagnostics/current_level_persistence/externalHoldout_test_fc_uplink_fade/currentLevelPersistence_delta0p5_L30_multiscale_shapelet_transformer_scalarContext_externalHoldout_test_fc_uplink_fade/figures/task_specific/duration_absolute_error_distribution.png
intra_task,current_level_persistence,XGBoost Scalar Context,event_raw_vs_postprocessed_timeline,results/comparisons/switch_diagnostics/current_level_persistence/externalHoldout_test_fc_uplink_fade/currentLevelPersistence_delta0p5_L30_xgboost_scalarContext_externalHoldout_test_fc_uplink_fade/figures/event_timelines/event_001_dataset_007_event_00001_raw_vs_postprocessed.png
intra_task,current_level_persistence,XGBoost Scalar Context,event_raw_vs_postprocessed_timeline,results/comparisons/switch_diagnostics/current_level_persistence/externalHoldout_test_fc_uplink_fade/currentLevelPersistence_delta0p5_L30_xgboost_scalarContext_externalHoldout_test_fc_uplink_fade/figures/event_timelines/event_002_dataset_007_event_00003_raw_vs_postprocessed.png
intra_task,current_level_persistence,XGBoost Scalar Context,event_raw_vs_postprocessed_timeline,results/comparisons/switch_diagnostics/current_level_persistence/externalHoldout_test_fc_uplink_fade/currentLevelPersistence_delta0p5_L30_xgboost_scalarContext_externalHoldout_test_fc_uplink_fade/figures/event_timelines/event_003_dataset_007_event_00004_raw_vs_postprocessed.png
intra_task,current_level_persistence,XGBoost Scalar Context,event_raw_vs_postprocessed_timeline,results/comparisons/switch_diagnostics/current_level_persistence/externalHoldout_test_fc_uplink_fade/currentLevelPersistence_delta0p5_L30_xgboost_scalarContext_externalHoldout_test_fc_uplink_fade/figures/event_timelines/event_004_dataset_007_event_00006_raw_vs_postprocessed.png
intra_task,current_level_persistence,XGBoost Scalar Context,event_raw_vs_postprocessed_timeline,results/comparisons/switch_diagnostics/current_level_persistence/externalHoldout_test_fc_uplink_fade/currentLevelPersistence_delta0p5_L30_xgboost_scalarContext_externalHoldout_test_fc_uplink_fade/figures/event_timelines/event_005_dataset_007_event_00007_raw_vs_postprocessed.png
intra_task,current_level_persistence,XGBoost Scalar Context,event_raw_vs_postprocessed_timeline,results/comparisons/switch_diagnostics/current_level_persistence/externalHoldout_test_fc_uplink_fade/currentLevelPersistence_delta0p5_L30_xgboost_scalarContext_externalHoldout_test_fc_uplink_fade/figures/event_timelines/event_006_dataset_007_event_00009_raw_vs_postprocessed.png
intra_task,current_level_persistence,XGBoost Scalar Context,duration_predicted_vs_true,results/comparisons/switch_diagnostics/current_level_persistence/externalHoldout_test_fc_uplink_fade/currentLevelPersistence_delta0p5_L30_xgboost_scalarContext_externalHoldout_test_fc_uplink_fade/figures/task_specific/duration_predicted_vs_true.png
intra_task,current_level_persistence,XGBoost Scalar Context,duration_absolute_error_distribution,results/comparisons/switch_diagnostics/current_level_persistence/externalHoldout_test_fc_uplink_fade/currentLevelPersistence_delta0p5_L30_xgboost_scalarContext_externalHoldout_test_fc_uplink_fade/figures/task_specific/duration_absolute_error_distribution.png
intra_task,long_fade_detection,Shapelet Convolution Classifier,event_raw_vs_postprocessed_timeline,results/comparisons/switch_diagnostics/long_fade_detection/externalHoldout_test_fc_uplink_fade/longFadeDetection_thr10p0_dur300_shapelet_convolution_classifier_externalHoldout_test_fc_uplink_fade/figures/event_timelines/event_001_lfd_event_00001_raw_vs_postprocessed.png
intra_task,long_fade_detection,Shapelet Convolution Classifier,event_raw_vs_postprocessed_timeline,results/comparisons/switch_diagnostics/long_fade_detection/externalHoldout_test_fc_uplink_fade/longFadeDetection_thr10p0_dur300_shapelet_convolution_classifier_externalHoldout_test_fc_uplink_fade/figures/event_timelines/event_002_lfd_event_00002_raw_vs_postprocessed.png
intra_task,long_fade_detection,Shapelet Convolution Classifier,event_raw_vs_postprocessed_timeline,results/comparisons/switch_diagnostics/long_fade_detection/externalHoldout_test_fc_uplink_fade/longFadeDetection_thr10p0_dur300_shapelet_convolution_classifier_externalHoldout_test_fc_uplink_fade/figures/event_timelines/event_003_lfd_event_00003_raw_vs_postprocessed.png
intra_task,long_fade_detection,Shapelet Convolution Classifier,event_raw_vs_postprocessed_timeline,results/comparisons/switch_diagnostics/long_fade_detection/externalHoldout_test_fc_uplink_fade/longFadeDetection_thr10p0_dur300_shapelet_convolution_classifier_externalHoldout_test_fc_uplink_fade/figures/event_timelines/event_004_lfd_event_00004_raw_vs_postprocessed.png
intra_task,long_fade_detection,Shapelet Convolution Classifier,event_raw_vs_postprocessed_timeline,results/comparisons/switch_diagnostics/long_fade_detection/externalHoldout_test_fc_uplink_fade/longFadeDetection_thr10p0_dur300_shapelet_convolution_classifier_externalHoldout_test_fc_uplink_fade/figures/event_timelines/event_005_lfd_event_00006_raw_vs_postprocessed.png
intra_task,long_fade_detection,Shapelet Convolution Classifier,event_raw_vs_postprocessed_timeline,results/comparisons/switch_diagnostics/long_fade_detection/externalHoldout_test_fc_uplink_fade/longFadeDetection_thr10p0_dur300_shapelet_convolution_classifier_externalHoldout_test_fc_uplink_fade/figures/event_timelines/event_006_lfd_event_00007_raw_vs_postprocessed.png
intra_task,long_fade_detection,Shapelet Convolution Classifier,long_fade_probability_calibration,results/comparisons/switch_diagnostics/long_fade_detection/externalHoldout_test_fc_uplink_fade/longFadeDetection_thr10p0_dur300_shapelet_convolution_classifier_externalHoldout_test_fc_uplink_fade/figures/task_specific/probability_calibration.png
intra_task,long_fade_detection,Shapelet Convolution Classifier,long_fade_probability_distribution,results/comparisons/switch_diagnostics/long_fade_detection/externalHoldout_test_fc_uplink_fade/longFadeDetection_thr10p0_dur300_shapelet_convolution_classifier_externalHoldout_test_fc_uplink_fade/figures/task_specific/probability_distribution.png
intra_task,long_fade_detection,TCN Classifier,event_raw_vs_postprocessed_timeline,results/comparisons/switch_diagnostics/long_fade_detection/externalHoldout_test_fc_uplink_fade/longFadeDetection_thr10p0_dur300_tcn_classifier_externalHoldout_test_fc_uplink_fade/figures/event_timelines/event_001_lfd_event_00001_raw_vs_postprocessed.png
intra_task,long_fade_detection,TCN Classifier,event_raw_vs_postprocessed_timeline,results/comparisons/switch_diagnostics/long_fade_detection/externalHoldout_test_fc_uplink_fade/longFadeDetection_thr10p0_dur300_tcn_classifier_externalHoldout_test_fc_uplink_fade/figures/event_timelines/event_002_lfd_event_00003_raw_vs_postprocessed.png
intra_task,long_fade_detection,TCN Classifier,event_raw_vs_postprocessed_timeline,results/comparisons/switch_diagnostics/long_fade_detection/externalHoldout_test_fc_uplink_fade/longFadeDetection_thr10p0_dur300_tcn_classifier_externalHoldout_test_fc_uplink_fade/figures/event_timelines/event_003_lfd_event_00004_raw_vs_postprocessed.png
intra_task,long_fade_detection,TCN Classifier,event_raw_vs_postprocessed_timeline,results/comparisons/switch_diagnostics/long_fade_detection/externalHoldout_test_fc_uplink_fade/longFadeDetection_thr10p0_dur300_tcn_classifier_externalHoldout_test_fc_uplink_fade/figures/event_timelines/event_004_lfd_event_00006_raw_vs_postprocessed.png
intra_task,long_fade_detection,TCN Classifier,event_raw_vs_postprocessed_timeline,results/comparisons/switch_diagnostics/long_fade_detection/externalHoldout_test_fc_uplink_fade/longFadeDetection_thr10p0_dur300_tcn_classifier_externalHoldout_test_fc_uplink_fade/figures/event_timelines/event_005_lfd_event_00007_raw_vs_postprocessed.png
intra_task,long_fade_detection,TCN Classifier,event_raw_vs_postprocessed_timeline,results/comparisons/switch_diagnostics/long_fade_detection/externalHoldout_test_fc_uplink_fade/longFadeDetection_thr10p0_dur300_tcn_classifier_externalHoldout_test_fc_uplink_fade/figures/event_timelines/event_006_lfd_event_00008_raw_vs_postprocessed.png
intra_task,long_fade_detection,TCN Classifier,long_fade_probability_calibration,results/comparisons/switch_diagnostics/long_fade_detection/externalHoldout_test_fc_uplink_fade/longFadeDetection_thr10p0_dur300_tcn_classifier_externalHoldout_test_fc_uplink_fade/figures/task_specific/probability_calibration.png
intra_task,long_fade_detection,TCN Classifier,long_fade_probability_distribution,results/comparisons/switch_diagnostics/long_fade_detection/externalHoldout_test_fc_uplink_fade/longFadeDetection_thr10p0_dur300_tcn_classifier_externalHoldout_test_fc_uplink_fade/figures/task_specific/probability_distribution.png
intra_task,long_fade_detection,XGBoost Lag+Scalar,event_raw_vs_postprocessed_timeline,results/comparisons/switch_diagnostics/long_fade_detection/externalHoldout_test_fc_uplink_fade/longFadeDetection_thr10p0_dur300_xgboost_lag_scalar_externalHoldout_test_fc_uplink_fade/figures/event_timelines/event_001_lfd_event_00001_raw_vs_postprocessed.png
intra_task,long_fade_detection,XGBoost Lag+Scalar,event_raw_vs_postprocessed_timeline,results/comparisons/switch_diagnostics/long_fade_detection/externalHoldout_test_fc_uplink_fade/longFadeDetection_thr10p0_dur300_xgboost_lag_scalar_externalHoldout_test_fc_uplink_fade/figures/event_timelines/event_002_lfd_event_00003_raw_vs_postprocessed.png
intra_task,long_fade_detection,XGBoost Lag+Scalar,event_raw_vs_postprocessed_timeline,results/comparisons/switch_diagnostics/long_fade_detection/externalHoldout_test_fc_uplink_fade/longFadeDetection_thr10p0_dur300_xgboost_lag_scalar_externalHoldout_test_fc_uplink_fade/figures/event_timelines/event_003_lfd_event_00004_raw_vs_postprocessed.png
intra_task,long_fade_detection,XGBoost Lag+Scalar,event_raw_vs_postprocessed_timeline,results/comparisons/switch_diagnostics/long_fade_detection/externalHoldout_test_fc_uplink_fade/longFadeDetection_thr10p0_dur300_xgboost_lag_scalar_externalHoldout_test_fc_uplink_fade/figures/event_timelines/event_004_lfd_event_00006_raw_vs_postprocessed.png
intra_task,long_fade_detection,XGBoost Lag+Scalar,event_raw_vs_postprocessed_timeline,results/comparisons/switch_diagnostics/long_fade_detection/externalHoldout_test_fc_uplink_fade/longFadeDetection_thr10p0_dur300_xgboost_lag_scalar_externalHoldout_test_fc_uplink_fade/figures/event_timelines/event_005_lfd_event_00007_raw_vs_postprocessed.png
intra_task,long_fade_detection,XGBoost Lag+Scalar,event_raw_vs_postprocessed_timeline,results/comparisons/switch_diagnostics/long_fade_detection/externalHoldout_test_fc_uplink_fade/longFadeDetection_thr10p0_dur300_xgboost_lag_scalar_externalHoldout_test_fc_uplink_fade/figures/event_timelines/event_006_lfd_event_00008_raw_vs_postprocessed.png
intra_task,long_fade_detection,XGBoost Lag+Scalar,long_fade_probability_calibration,results/comparisons/switch_diagnostics/long_fade_detection/externalHoldout_test_fc_uplink_fade/longFadeDetection_thr10p0_dur300_xgboost_lag_scalar_externalHoldout_test_fc_uplink_fade/figures/task_specific/probability_calibration.png
intra_task,long_fade_detection,XGBoost Lag+Scalar,long_fade_probability_distribution,results/comparisons/switch_diagnostics/long_fade_detection/externalHoldout_test_fc_uplink_fade/longFadeDetection_thr10p0_dur300_xgboost_lag_scalar_externalHoldout_test_fc_uplink_fade/figures/task_specific/probability_distribution.png
intra_task,survival_persistence,Discrete-Time TCN Grid Best,event_raw_vs_postprocessed_timeline,results/comparisons/switch_diagnostics/survival_persistence/externalHoldout_test_fc_uplink_fade/survivalPersistence_discrete_time_tcn_relative_current_plus_scalar_uniform_externalHoldout_test_fc_uplink_fade_grid_extended_best/figures/event_timelines/event_001_sp_event_00001_raw_vs_postprocessed.png
intra_task,survival_persistence,Discrete-Time TCN Grid Best,event_raw_vs_postprocessed_timeline,results/comparisons/switch_diagnostics/survival_persistence/externalHoldout_test_fc_uplink_fade/survivalPersistence_discrete_time_tcn_relative_current_plus_scalar_uniform_externalHoldout_test_fc_uplink_fade_grid_extended_best/figures/event_timelines/event_002_sp_event_00002_raw_vs_postprocessed.png
intra_task,survival_persistence,Discrete-Time TCN Grid Best,event_raw_vs_postprocessed_timeline,results/comparisons/switch_diagnostics/survival_persistence/externalHoldout_test_fc_uplink_fade/survivalPersistence_discrete_time_tcn_relative_current_plus_scalar_uniform_externalHoldout_test_fc_uplink_fade_grid_extended_best/figures/event_timelines/event_003_sp_event_00003_raw_vs_postprocessed.png
intra_task,survival_persistence,Discrete-Time TCN Grid Best,event_raw_vs_postprocessed_timeline,results/comparisons/switch_diagnostics/survival_persistence/externalHoldout_test_fc_uplink_fade/survivalPersistence_discrete_time_tcn_relative_current_plus_scalar_uniform_externalHoldout_test_fc_uplink_fade_grid_extended_best/figures/event_timelines/event_004_sp_event_00004_raw_vs_postprocessed.png
intra_task,survival_persistence,Discrete-Time TCN Grid Best,event_raw_vs_postprocessed_timeline,results/comparisons/switch_diagnostics/survival_persistence/externalHoldout_test_fc_uplink_fade/survivalPersistence_discrete_time_tcn_relative_current_plus_scalar_uniform_externalHoldout_test_fc_uplink_fade_grid_extended_best/figures/event_timelines/event_005_sp_event_00005_raw_vs_postprocessed.png
intra_task,survival_persistence,Discrete-Time TCN Grid Best,event_raw_vs_postprocessed_timeline,results/comparisons/switch_diagnostics/survival_persistence/externalHoldout_test_fc_uplink_fade/survivalPersistence_discrete_time_tcn_relative_current_plus_scalar_uniform_externalHoldout_test_fc_uplink_fade_grid_extended_best/figures/event_timelines/event_006_sp_event_00006_raw_vs_postprocessed.png
intra_task,survival_persistence,Discrete-Time TCN Grid Best,survival_probability_calibration,results/comparisons/switch_diagnostics/survival_persistence/externalHoldout_test_fc_uplink_fade/survivalPersistence_discrete_time_tcn_relative_current_plus_scalar_uniform_externalHoldout_test_fc_uplink_fade_grid_extended_best/figures/task_specific/survival_probability_calibration.png
intra_task,survival_persistence,Discrete-Time TCN Grid Best,survival_probability_distribution,results/comparisons/switch_diagnostics/survival_persistence/externalHoldout_test_fc_uplink_fade/survivalPersistence_discrete_time_tcn_relative_current_plus_scalar_uniform_externalHoldout_test_fc_uplink_fade_grid_extended_best/figures/task_specific/survival_probability_distribution.png
intra_task,survival_persistence,Discrete-Time TCN Grid Best,survival_curves,results/comparisons/switch_diagnostics/survival_persistence/externalHoldout_test_fc_uplink_fade/survivalPersistence_discrete_time_tcn_relative_current_plus_scalar_uniform_externalHoldout_test_fc_uplink_fade_grid_extended_best/figures/task_specific/survival_curves.png
intra_task,survival_persistence,XGBoost AFT Raw Flattened,event_raw_vs_postprocessed_timeline,results/comparisons/switch_diagnostics/survival_persistence/externalHoldout_test_fc_uplink_fade/survivalPersistence_xgboost_aft_raw_flattened_uniform_externalHoldout_test_fc_uplink_fade/figures/event_timelines/event_001_sp_event_00001_raw_vs_postprocessed.png
intra_task,survival_persistence,XGBoost AFT Raw Flattened,event_raw_vs_postprocessed_timeline,results/comparisons/switch_diagnostics/survival_persistence/externalHoldout_test_fc_uplink_fade/survivalPersistence_xgboost_aft_raw_flattened_uniform_externalHoldout_test_fc_uplink_fade/figures/event_timelines/event_002_sp_event_00003_raw_vs_postprocessed.png
intra_task,survival_persistence,XGBoost AFT Raw Flattened,event_raw_vs_postprocessed_timeline,results/comparisons/switch_diagnostics/survival_persistence/externalHoldout_test_fc_uplink_fade/survivalPersistence_xgboost_aft_raw_flattened_uniform_externalHoldout_test_fc_uplink_fade/figures/event_timelines/event_003_sp_event_00004_raw_vs_postprocessed.png
intra_task,survival_persistence,XGBoost AFT Raw Flattened,event_raw_vs_postprocessed_timeline,results/comparisons/switch_diagnostics/survival_persistence/externalHoldout_test_fc_uplink_fade/survivalPersistence_xgboost_aft_raw_flattened_uniform_externalHoldout_test_fc_uplink_fade/figures/event_timelines/event_004_sp_event_00007_raw_vs_postprocessed.png
intra_task,survival_persistence,XGBoost AFT Raw Flattened,event_raw_vs_postprocessed_timeline,results/comparisons/switch_diagnostics/survival_persistence/externalHoldout_test_fc_uplink_fade/survivalPersistence_xgboost_aft_raw_flattened_uniform_externalHoldout_test_fc_uplink_fade/figures/event_timelines/event_005_sp_event_00008_raw_vs_postprocessed.png
intra_task,survival_persistence,XGBoost AFT Raw Flattened,event_raw_vs_postprocessed_timeline,results/comparisons/switch_diagnostics/survival_persistence/externalHoldout_test_fc_uplink_fade/survivalPersistence_xgboost_aft_raw_flattened_uniform_externalHoldout_test_fc_uplink_fade/figures/event_timelines/event_006_sp_event_00010_raw_vs_postprocessed.png
intra_task,survival_persistence,XGBoost AFT Raw Flattened,survival_probability_calibration,results/comparisons/switch_diagnostics/survival_persistence/externalHoldout_test_fc_uplink_fade/survivalPersistence_xgboost_aft_raw_flattened_uniform_externalHoldout_test_fc_uplink_fade/figures/task_specific/survival_probability_calibration.png
intra_task,survival_persistence,XGBoost AFT Raw Flattened,survival_probability_distribution,results/comparisons/switch_diagnostics/survival_persistence/externalHoldout_test_fc_uplink_fade/survivalPersistence_xgboost_aft_raw_flattened_uniform_externalHoldout_test_fc_uplink_fade/figures/task_specific/survival_probability_distribution.png
intra_task,survival_persistence,XGBoost AFT Raw Flattened,survival_curves,results/comparisons/switch_diagnostics/survival_persistence/externalHoldout_test_fc_uplink_fade/survivalPersistence_xgboost_aft_raw_flattened_uniform_externalHoldout_test_fc_uplink_fade/figures/task_specific/survival_curves.png
cross_task,all,all,reference_grid_core_switch_metrics,results/comparisons/cross_task_switch/externalHoldout_test_fc_uplink_fade/crossTask_switch_externalHoldout_test_fc_uplink_fade_referenceGrid/figures/global_metrics/reference_grid_core_switch_metrics.png
cross_task,all,all,reference_grid_precision_recall_coverage,results/comparisons/cross_task_switch/externalHoldout_test_fc_uplink_fade/crossTask_switch_externalHoldout_test_fc_uplink_fade_referenceGrid/figures/precision_recall/reference_grid_precision_recall_coverage.png
cross_task,all,all,strict_intersection_core_switch_metrics,results/comparisons/cross_task_switch/externalHoldout_test_fc_uplink_fade/crossTask_switch_externalHoldout_test_fc_uplink_fade_referenceGrid/figures/global_metrics/strict_intersection_core_switch_metrics.png
cross_task,all,all,strict_intersection_precision_recall_coverage,results/comparisons/cross_task_switch/externalHoldout_test_fc_uplink_fade/crossTask_switch_externalHoldout_test_fc_uplink_fade_referenceGrid/figures/precision_recall/strict_intersection_precision_recall_coverage.png
cross_task,all,all,reference_grid_native_decision_coverage,results/comparisons/cross_task_switch/externalHoldout_test_fc_uplink_fade/crossTask_switch_externalHoldout_test_fc_uplink_fade_referenceGrid/figures/coverage/reference_grid_native_decision_coverage.png
cross_task,all,all,reference_grid_raw_vs_postprocessed_counts,results/comparisons/cross_task_switch/externalHoldout_test_fc_uplink_fade/crossTask_switch_externalHoldout_test_fc_uplink_fade_referenceGrid/figures/raw_vs_postprocessed/reference_grid_raw_vs_postprocessed_counts.png
cross_task,all,all,reference_grid_event_f1_heatmap,results/comparisons/cross_task_switch/externalHoldout_test_fc_uplink_fade/crossTask_switch_externalHoldout_test_fc_uplink_fade_referenceGrid/figures/event_heatmaps/reference_grid_event_f1_heatmap.png
cross_task,all,selected_timeline_methods,cross_task_event_timeline_selected_methods,results/comparisons/cross_task_switch/externalHoldout_test_fc_uplink_fade/crossTask_switch_externalHoldout_test_fc_uplink_fade_referenceGrid/figures/event_timelines/selected_methods/event_001_dataset_007_event_00001_cross_task_switches.png
cross_task,all,all_timeline_methods,cross_task_event_timeline_all_methods,results/comparisons/cross_task_switch/externalHoldout_test_fc_uplink_fade/crossTask_switch_externalHoldout_test_fc_uplink_fade_referenceGrid/figures/event_timelines/all_methods/event_001_dataset_007_event_00001_cross_task_switches_all_methods.png
cross_task,all,selected_timeline_methods,cross_task_event_timeline_selected_methods,results/comparisons/cross_task_switch/externalHoldout_test_fc_uplink_fade/crossTask_switch_externalHoldout_test_fc_uplink_fade_referenceGrid/figures/event_timelines/selected_methods/event_002_dataset_007_event_00003_cross_task_switches.png
cross_task,all,all_timeline_methods,cross_task_event_timeline_all_methods,results/comparisons/cross_task_switch/externalHoldout_test_fc_uplink_fade/crossTask_switch_externalHoldout_test_fc_uplink_fade_referenceGrid/figures/event_timelines/all_methods/event_002_dataset_007_event_00003_cross_task_switches_all_methods.png
cross_task,all,selected_timeline_methods,cross_task_event_timeline_selected_methods,results/comparisons/cross_task_switch/externalHoldout_test_fc_uplink_fade/crossTask_switch_externalHoldout_test_fc_uplink_fade_referenceGrid/figures/event_timelines/selected_methods/event_003_dataset_007_event_00004_cross_task_switches.png
cross_task,all,all_timeline_methods,cross_task_event_timeline_all_methods,results/comparisons/cross_task_switch/externalHoldout_test_fc_uplink_fade/crossTask_switch_externalHoldout_test_fc_uplink_fade_referenceGrid/figures/event_timelines/all_methods/event_003_dataset_007_event_00004_cross_task_switches_all_methods.png
cross_task,all,selected_timeline_methods,cross_task_event_timeline_selected_methods,results/comparisons/cross_task_switch/externalHoldout_test_fc_uplink_fade/crossTask_switch_externalHoldout_test_fc_uplink_fade_referenceGrid/figures/event_timelines/selected_methods/event_004_dataset_007_event_00006_cross_task_switches.png
cross_task,all,all_timeline_methods,cross_task_event_timeline_all_methods,results/comparisons/cross_task_switch/externalHoldout_test_fc_uplink_fade/crossTask_switch_externalHoldout_test_fc_uplink_fade_referenceGrid/figures/event_timelines/all_methods/event_004_dataset_007_event_00006_cross_task_switches_all_methods.png
cross_task,all,selected_timeline_methods,cross_task_event_timeline_selected_methods,results/comparisons/cross_task_switch/externalHoldout_test_fc_uplink_fade/crossTask_switch_externalHoldout_test_fc_uplink_fade_referenceGrid/figures/event_timelines/selected_methods/event_005_dataset_007_event_00007_cross_task_switches.png
cross_task,all,all_timeline_methods,cross_task_event_timeline_all_methods,results/comparisons/cross_task_switch/externalHoldout_test_fc_uplink_fade/crossTask_switch_externalHoldout_test_fc_uplink_fade_referenceGrid/figures/event_timelines/all_methods/event_005_dataset_007_event_00007_cross_task_switches_all_methods.png
cross_task,all,selected_timeline_methods,cross_task_event_timeline_selected_methods,results/comparisons/cross_task_switch/externalHoldout_test_fc_uplink_fade/crossTask_switch_externalHoldout_test_fc_uplink_fade_referenceGrid/figures/event_timelines/selected_methods/event_006_dataset_007_event_00009_cross_task_switches.png
cross_task,all,all_timeline_methods,cross_task_event_timeline_all_methods,results/comparisons/cross_task_switch/externalHoldout_test_fc_uplink_fade/crossTask_switch_externalHoldout_test_fc_uplink_fade_referenceGrid/figures/event_timelines/all_methods/event_006_dataset_007_event_00009_cross_task_switches_all_methods.png
cross_task,all,selected_timeline_methods,cross_task_event_timeline_selected_methods,results/comparisons/cross_task_switch/externalHoldout_test_fc_uplink_fade/crossTask_switch_externalHoldout_test_fc_uplink_fade_referenceGrid/figures/event_timelines/selected_methods/event_007_dataset_007_event_00010_cross_task_switches.png
cross_task,all,all_timeline_methods,cross_task_event_timeline_all_methods,results/comparisons/cross_task_switch/externalHoldout_test_fc_uplink_fade/crossTask_switch_externalHoldout_test_fc_uplink_fade_referenceGrid/figures/event_timelines/all_methods/event_007_dataset_007_event_00010_cross_task_switches_all_methods.png
cross_task,all,selected_timeline_methods,cross_task_event_timeline_selected_methods,results/comparisons/cross_task_switch/externalHoldout_test_fc_uplink_fade/crossTask_switch_externalHoldout_test_fc_uplink_fade_referenceGrid/figures/event_timelines/selected_methods/event_008_dataset_007_event_00013_cross_task_switches.png
cross_task,all,all_timeline_methods,cross_task_event_timeline_all_methods,results/comparisons/cross_task_switch/externalHoldout_test_fc_uplink_fade/crossTask_switch_externalHoldout_test_fc_uplink_fade_referenceGrid/figures/event_timelines/all_methods/event_008_dataset_007_event_00013_cross_task_switches_all_methods.png
cross_task,all,selected_timeline_methods,cross_task_event_timeline_selected_methods,results/comparisons/cross_task_switch/externalHoldout_test_fc_uplink_fade/crossTask_switch_externalHoldout_test_fc_uplink_fade_referenceGrid/figures/event_timelines/selected_methods/event_009_dataset_007_event_00015_cross_task_switches.png
cross_task,all,all_timeline_methods,cross_task_event_timeline_all_methods,results/comparisons/cross_task_switch/externalHoldout_test_fc_uplink_fade/crossTask_switch_externalHoldout_test_fc_uplink_fade_referenceGrid/figures/event_timelines/all_methods/event_009_dataset_007_event_00015_cross_task_switches_all_methods.png
cross_task,all,selected_timeline_methods,cross_task_event_timeline_selected_methods,results/comparisons/cross_task_switch/externalHoldout_test_fc_uplink_fade/crossTask_switch_externalHoldout_test_fc_uplink_fade_referenceGrid/figures/event_timelines/selected_methods/event_010_dataset_007_event_00016_cross_task_switches.png
cross_task,all,all_timeline_methods,cross_task_event_timeline_all_methods,results/comparisons/cross_task_switch/externalHoldout_test_fc_uplink_fade/crossTask_switch_externalHoldout_test_fc_uplink_fade_referenceGrid/figures/event_timelines/all_methods/event_010_dataset_007_event_00016_cross_task_switches_all_methods.png
cross_task,all,selected_timeline_methods,cross_task_event_timeline_selected_methods,results/comparisons/cross_task_switch/externalHoldout_test_fc_uplink_fade/crossTask_switch_externalHoldout_test_fc_uplink_fade_referenceGrid/figures/event_timelines/selected_methods/event_011_dataset_007_event_00019_cross_task_switches.png
cross_task,all,all_timeline_methods,cross_task_event_timeline_all_methods,results/comparisons/cross_task_switch/externalHoldout_test_fc_uplink_fade/crossTask_switch_externalHoldout_test_fc_uplink_fade_referenceGrid/figures/event_timelines/all_methods/event_011_dataset_007_event_00019_cross_task_switches_all_methods.png
cross_task,all,selected_timeline_methods,cross_task_event_timeline_selected_methods,results/comparisons/cross_task_switch/externalHoldout_test_fc_uplink_fade/crossTask_switch_externalHoldout_test_fc_uplink_fade_referenceGrid/figures/event_timelines/selected_methods/event_012_dataset_007_event_00020_cross_task_switches.png
cross_task,all,all_timeline_methods,cross_task_event_timeline_all_methods,results/comparisons/cross_task_switch/externalHoldout_test_fc_uplink_fade/crossTask_switch_externalHoldout_test_fc_uplink_fade_referenceGrid/figures/event_timelines/all_methods/event_012_dataset_007_event_00020_cross_task_switches_all_methods.png
