trial_id,status,architecture,variant,hidden_size,num_layers,learning_rate,weight_decay,teacher_forcing_ratio,validation_mae_raw,validation_rmse_raw,best_epoch,best_val_loss_training_scale,epochs_run,duration_seconds,checkpoint_path,device,error
trial_001_8968c74fb7,complete,gru_s2v,raw,8,1,0.0001,0.0,0.0,1.446370635652278,2.21165819131501,83,4.89143214225769,98,68.84640231356025,results/grid_searches/grid_gru_s2v_raw_autoLargest_L30_h10_thr10/checkpoints/trial_001_8968c74fb7.pt,cuda:0,
trial_002_885a5d2484,complete,gru_s2v,raw,8,1,0.0001,1e-05,0.0,1.4463820187738048,2.2117230930879774,83,4.89171909078767,98,68.41299341991544,results/grid_searches/grid_gru_s2v_raw_autoLargest_L30_h10_thr10/checkpoints/trial_002_885a5d2484.pt,cuda:1,
trial_003_b4930211cf,complete,gru_s2v,raw,8,1,0.0001,0.0001,0.0,1.4522884047418079,2.2108024551060272,80,4.887647348717798,95,65.2363820746541,results/grid_searches/grid_gru_s2v_raw_autoLargest_L30_h10_thr10/checkpoints/trial_003_b4930211cf.pt,cuda:2,
trial_004_c59b900718,complete,gru_s2v,raw,8,1,0.0003,0.0,0.0,1.4454966816089199,2.1994278577880637,27,4.837482906896857,42,27.180362340062857,results/grid_searches/grid_gru_s2v_raw_autoLargest_L30_h10_thr10/checkpoints/trial_004_c59b900718.pt,cuda:2,
trial_005_9046d11e3c,complete,gru_s2v,raw,8,1,0.0003,1e-05,0.0,1.4455284528236223,2.2000449678459426,27,4.840197930154921,42,28.611697655171156,results/grid_searches/grid_gru_s2v_raw_autoLargest_L30_h10_thr10/checkpoints/trial_005_9046d11e3c.pt,cuda:1,
trial_006_bb6ee677fe,complete,gru_s2v,raw,8,1,0.0003,0.0001,0.0,1.4458307278165712,2.203423527927192,27,4.855075293553027,42,27.66680419445038,results/grid_searches/grid_gru_s2v_raw_autoLargest_L30_h10_thr10/checkpoints/trial_006_bb6ee677fe.pt,cuda:0,
trial_007_4e22c8f1d1,complete,gru_s2v,raw,8,1,0.0005,0.0,0.0,1.438317199912441,2.199545113397293,17,4.837998728208904,32,21.194211453199387,results/grid_searches/grid_gru_s2v_raw_autoLargest_L30_h10_thr10/checkpoints/trial_007_4e22c8f1d1.pt,cuda:2,
trial_008_105c40f5c4,complete,gru_s2v,raw,8,1,0.0005,1e-05,0.0,1.438318523897589,2.200047639805438,17,4.840209667592109,32,22.676839470863342,results/grid_searches/grid_gru_s2v_raw_autoLargest_L30_h10_thr10/checkpoints/trial_008_105c40f5c4.pt,cuda:1,
trial_009_caa1b70936,complete,gru_s2v,raw,8,1,0.0005,0.0001,0.0,1.4385292610007374,2.203157803266914,17,4.853904521917995,32,22.538665901869535,results/grid_searches/grid_gru_s2v_raw_autoLargest_L30_h10_thr10/checkpoints/trial_009_caa1b70936.pt,cuda:0,
trial_010_2e07025dde,complete,gru_s2v,raw,8,1,0.001,0.0,0.0,1.4412882751273581,2.199492776030744,9,4.837768609010721,24,16.03386027738452,results/grid_searches/grid_gru_s2v_raw_autoLargest_L30_h10_thr10/checkpoints/trial_010_2e07025dde.pt,cuda:2,
trial_011_3d2350dbf4,complete,gru_s2v,raw,8,1,0.001,1e-05,0.0,1.4413484933529097,2.1999126752316256,9,4.839616022834295,24,15.939686547964811,results/grid_searches/grid_gru_s2v_raw_autoLargest_L30_h10_thr10/checkpoints/trial_011_3d2350dbf4.pt,cuda:0,
trial_012_3b0e49aaea,complete,gru_s2v,raw,8,1,0.001,0.0001,0.0,1.4416270583688835,2.2023341623012795,9,4.85027585240859,24,16.745135102421045,results/grid_searches/grid_gru_s2v_raw_autoLargest_L30_h10_thr10/checkpoints/trial_012_3b0e49aaea.pt,cuda:1,
trial_013_a3f5e88f30,complete,gru_s2v,raw,8,1,0.003,0.0,0.0,1.4432381452233354,2.2340832840655516,6,4.991128180902216,21,14.187954112887383,results/grid_searches/grid_gru_s2v_raw_autoLargest_L30_h10_thr10/checkpoints/trial_013_a3f5e88f30.pt,cuda:2,
trial_014_f627fec8d9,complete,gru_s2v,raw,8,1,0.003,1e-05,0.0,1.443708839289184,2.233815807217333,6,4.989933134030692,21,13.970700901001692,results/grid_searches/grid_gru_s2v_raw_autoLargest_L30_h10_thr10/checkpoints/trial_014_f627fec8d9.pt,cuda:0,
trial_015_be3de1ff58,complete,gru_s2v,raw,8,1,0.003,0.0001,0.0,1.4504832737025204,2.2341226998968593,6,4.9913042705270305,21,14.61989051103592,results/grid_searches/grid_gru_s2v_raw_autoLargest_L30_h10_thr10/checkpoints/trial_015_be3de1ff58.pt,cuda:1,
trial_016_813014c584,complete,gru_s2v,raw,8,2,0.0001,0.0,0.0,1.450824021354695,2.159332509252251,81,4.662716948231564,96,79.84330590441823,results/grid_searches/grid_gru_s2v_raw_autoLargest_L30_h10_thr10/checkpoints/trial_016_813014c584.pt,cuda:2,
trial_017_9a00158466,complete,gru_s2v,raw,8,2,0.0001,1e-05,0.0,1.4508279083320235,2.1591460181194466,81,4.661911648134642,96,81.04166726395488,results/grid_searches/grid_gru_s2v_raw_autoLargest_L30_h10_thr10/checkpoints/trial_017_9a00158466.pt,cuda:0,
trial_018_cff56bbf97,complete,gru_s2v,raw,8,2,0.0001,0.0001,0.0,1.4509666972381028,2.1576740219378263,81,4.655557291417182,96,82.17512782290578,results/grid_searches/grid_gru_s2v_raw_autoLargest_L30_h10_thr10/checkpoints/trial_018_cff56bbf97.pt,cuda:1,
trial_019_f4c40ff6d4,complete,gru_s2v,raw,8,2,0.0003,0.0,0.0,1.448340400624313,2.156019259346045,27,4.64841916470588,42,34.51722518727183,results/grid_searches/grid_gru_s2v_raw_autoLargest_L30_h10_thr10/checkpoints/trial_019_f4c40ff6d4.pt,cuda:2,
trial_020_ce9e8106cc,complete,gru_s2v,raw,8,2,0.0003,1e-05,0.0,1.4483431606098445,2.155823895160391,27,4.64757687954963,42,35.249930664896965,results/grid_searches/grid_gru_s2v_raw_autoLargest_L30_h10_thr10/checkpoints/trial_020_ce9e8106cc.pt,cuda:0,
trial_021_87d44dd1a3,complete,gru_s2v,raw,8,2,0.0003,0.0001,0.0,1.4484807940383877,2.1542151269933276,27,4.64064289346526,42,34.580385349690914,results/grid_searches/grid_gru_s2v_raw_autoLargest_L30_h10_thr10/checkpoints/trial_021_87d44dd1a3.pt,cuda:1,
trial_022_b32c783b68,complete,gru_s2v,raw,8,2,0.0005,0.0,0.0,1.4426968367426078,2.156653578329398,17,4.651154761374751,32,26.451505310833454,results/grid_searches/grid_gru_s2v_raw_autoLargest_L30_h10_thr10/checkpoints/trial_022_b32c783b68.pt,cuda:2,
trial_023_2ae0ad9c13,complete,gru_s2v,raw,8,2,0.0005,1e-05,0.0,1.4427213307658706,2.1564190813871607,17,4.650143306466598,32,27.128336641937494,results/grid_searches/grid_gru_s2v_raw_autoLargest_L30_h10_thr10/checkpoints/trial_023_2ae0ad9c13.pt,cuda:0,
trial_024_511ff7aaf0,complete,gru_s2v,raw,8,2,0.0005,0.0001,0.0,1.4430276872396846,2.154408026966045,17,4.641473948201047,32,26.53577183932066,results/grid_searches/grid_gru_s2v_raw_autoLargest_L30_h10_thr10/checkpoints/trial_024_511ff7aaf0.pt,cuda:1,
trial_025_db07f61251,complete,gru_s2v,raw,8,2,0.001,0.0,0.0,1.4431786926345358,2.164922365819893,9,4.686888867390307,24,19.928715858608484,results/grid_searches/grid_gru_s2v_raw_autoLargest_L30_h10_thr10/checkpoints/trial_025_db07f61251.pt,cuda:2,
trial_026_dbf8c89d0d,complete,gru_s2v,raw,8,2,0.001,1e-05,0.0,1.4431906104474506,2.16460121226459,9,4.685498545441447,24,20.42513309419155,results/grid_searches/grid_gru_s2v_raw_autoLargest_L30_h10_thr10/checkpoints/trial_026_dbf8c89d0d.pt,cuda:0,
trial_027_7c3555d3f4,complete,gru_s2v,raw,8,2,0.001,0.0001,0.0,1.4433375252208,2.161673443951285,9,4.672832228262213,24,19.926131401211023,results/grid_searches/grid_gru_s2v_raw_autoLargest_L30_h10_thr10/checkpoints/trial_027_7c3555d3f4.pt,cuda:1,
trial_028_8aa45cb6d0,complete,gru_s2v,raw,8,2,0.003,0.0,0.0,1.4876909143647439,2.20553994285594,3,4.864406474632553,18,14.933703552931547,results/grid_searches/grid_gru_s2v_raw_autoLargest_L30_h10_thr10/checkpoints/trial_028_8aa45cb6d0.pt,cuda:2,
trial_029_fe65507358,complete,gru_s2v,raw,8,2,0.003,1e-05,0.0,1.4877319594284024,2.205185324011691,3,4.86284241857408,18,15.715207450091839,results/grid_searches/grid_gru_s2v_raw_autoLargest_L30_h10_thr10/checkpoints/trial_029_fe65507358.pt,cuda:0,
trial_030_bf7d6762ab,complete,gru_s2v,raw,8,2,0.003,0.0001,0.0,1.487613175882003,2.201243230105149,3,4.845471749728239,18,15.75229324772954,results/grid_searches/grid_gru_s2v_raw_autoLargest_L30_h10_thr10/checkpoints/trial_030_bf7d6762ab.pt,cuda:1,
trial_031_4110b84e87,complete,gru_s2v,raw,8,3,0.0001,0.0,0.0,1.4676726427910072,2.204926230852443,76,4.861699809303767,91,86.0933696180582,results/grid_searches/grid_gru_s2v_raw_autoLargest_L30_h10_thr10/checkpoints/trial_031_4110b84e87.pt,cuda:2,
trial_032_d7f80e8caa,complete,gru_s2v,raw,8,3,0.0001,1e-05,0.0,1.4677081737007145,2.2049850753432185,76,4.861959229843526,91,88.43576535582542,results/grid_searches/grid_gru_s2v_raw_autoLargest_L30_h10_thr10/checkpoints/trial_032_d7f80e8caa.pt,cuda:0,
trial_033_17489d6966,complete,gru_s2v,raw,8,3,0.0001,0.0001,0.0,1.4682996425268393,2.207765468940339,76,4.874228376074682,91,88.43245312944055,results/grid_searches/grid_gru_s2v_raw_autoLargest_L30_h10_thr10/checkpoints/trial_033_17489d6966.pt,cuda:1,
trial_034_00e5d0b73d,complete,gru_s2v,raw,8,3,0.0003,0.0,0.0,1.4554661766005845,2.1855803673353598,27,4.776761779905875,42,40.447931569069624,results/grid_searches/grid_gru_s2v_raw_autoLargest_L30_h10_thr10/checkpoints/trial_034_00e5d0b73d.pt,cuda:2,
trial_035_3f2a42fcbc,complete,gru_s2v,raw,8,3,0.0003,1e-05,0.0,1.4554880762298272,2.185624479779323,27,4.776954459540452,42,41.35657839849591,results/grid_searches/grid_gru_s2v_raw_autoLargest_L30_h10_thr10/checkpoints/trial_035_3f2a42fcbc.pt,cuda:0,
trial_036_060209cf91,complete,gru_s2v,raw,8,3,0.0003,0.0001,0.0,1.455978419430837,2.187912667883387,27,4.7869617975210845,42,40.50846865028143,results/grid_searches/grid_gru_s2v_raw_autoLargest_L30_h10_thr10/checkpoints/trial_036_060209cf91.pt,cuda:1,
trial_037_8e095c3b8f,complete,gru_s2v,raw,8,3,0.0005,0.0,0.0,1.4441540543574698,2.1802302287064865,17,4.753404008285909,32,30.107645891606808,results/grid_searches/grid_gru_s2v_raw_autoLargest_L30_h10_thr10/checkpoints/trial_037_8e095c3b8f.pt,cuda:2,
trial_038_172c745e5d,complete,gru_s2v,raw,8,3,0.0005,1e-05,0.0,1.444234818394614,2.1802577209693523,17,4.753523865832558,32,31.271686136722565,results/grid_searches/grid_gru_s2v_raw_autoLargest_L30_h10_thr10/checkpoints/trial_038_172c745e5d.pt,cuda:0,
trial_039_6539d3edbf,complete,gru_s2v,raw,8,3,0.0005,0.0001,0.0,1.4452162013561287,2.1822584592596272,17,4.7622519740575475,32,31.33179573342204,results/grid_searches/grid_gru_s2v_raw_autoLargest_L30_h10_thr10/checkpoints/trial_039_6539d3edbf.pt,cuda:1,
trial_040_7ed986bd87,complete,gru_s2v,raw,8,3,0.001,0.0,0.0,1.4464664162157834,2.1797263138227727,9,4.7512068983874745,24,22.481040071696043,results/grid_searches/grid_gru_s2v_raw_autoLargest_L30_h10_thr10/checkpoints/trial_040_7ed986bd87.pt,cuda:2,
trial_041_16266e19b6,complete,gru_s2v,raw,8,3,0.001,1e-05,0.0,1.446490110748365,2.179686857328638,9,4.7510348802880396,24,23.106096550822258,results/grid_searches/grid_gru_s2v_raw_autoLargest_L30_h10_thr10/checkpoints/trial_041_16266e19b6.pt,cuda:0,
trial_042_4eaa263904,complete,gru_s2v,raw,8,3,0.001,0.0001,0.0,1.4472480380167312,2.1810461348278976,9,4.756962281239184,24,23.222901176661253,results/grid_searches/grid_gru_s2v_raw_autoLargest_L30_h10_thr10/checkpoints/trial_042_4eaa263904.pt,cuda:1,
trial_043_fb0f3c13f0,complete,gru_s2v,raw,8,3,0.003,0.0,0.0,1.5194346120661195,2.219097351415141,3,4.9243931915186625,18,16.794275254011154,results/grid_searches/grid_gru_s2v_raw_autoLargest_L30_h10_thr10/checkpoints/trial_043_fb0f3c13f0.pt,cuda:2,
trial_044_e5e2cb5e0e,complete,gru_s2v,raw,8,3,0.003,1e-05,0.0,1.5197910049793464,2.2189373304803546,3,4.923682887644707,18,15.684546750038862,results/grid_searches/grid_gru_s2v_raw_autoLargest_L30_h10_thr10/checkpoints/trial_044_e5e2cb5e0e.pt,cuda:0,
trial_045_307950ccbe,complete,gru_s2v,raw,8,3,0.003,0.0001,0.0,1.522344768218036,2.217910698938804,3,4.919127972518342,18,16.944660026580095,results/grid_searches/grid_gru_s2v_raw_autoLargest_L30_h10_thr10/checkpoints/trial_045_307950ccbe.pt,cuda:1,
trial_046_3d40aa4d47,complete,gru_s2v,raw,16,1,0.0001,0.0,0.0,1.4456290833831211,2.1373860160365066,40,4.568419002581246,55,35.85218624398112,results/grid_searches/grid_gru_s2v_raw_autoLargest_L30_h10_thr10/checkpoints/trial_046_3d40aa4d47.pt,cuda:2,
trial_047_95a6374191,complete,gru_s2v,raw,16,1,0.0001,1e-05,0.0,1.4456317686289548,2.137415942559358,40,4.56854704965519,55,35.592741407454014,results/grid_searches/grid_gru_s2v_raw_autoLargest_L30_h10_thr10/checkpoints/trial_047_95a6374191.pt,cuda:0,
trial_048_fc9deeb0f2,complete,gru_s2v,raw,16,1,0.0001,0.0001,0.0,1.445604164488142,2.137363298674282,40,4.568322005452989,55,35.98576907813549,results/grid_searches/grid_gru_s2v_raw_autoLargest_L30_h10_thr10/checkpoints/trial_048_fc9deeb0f2.pt,cuda:1,
trial_049_807f356888,complete,gru_s2v,raw,16,1,0.0003,0.0,0.0,1.43594490719464,2.1372411393982027,14,4.5677997498572624,29,18.64605225622654,results/grid_searches/grid_gru_s2v_raw_autoLargest_L30_h10_thr10/checkpoints/trial_049_807f356888.pt,cuda:2,
trial_050_afccc054d2,complete,gru_s2v,raw,16,1,0.0003,1e-05,0.0,1.4359436831000862,2.137279595116735,14,4.567964222461362,29,18.613894879817963,results/grid_searches/grid_gru_s2v_raw_autoLargest_L30_h10_thr10/checkpoints/trial_050_afccc054d2.pt,cuda:0,
trial_051_4eca16fcaa,complete,gru_s2v,raw,16,1,0.0003,0.0001,0.0,1.4358727418291795,2.1371854799416643,14,4.567561807511728,29,18.341551583260298,results/grid_searches/grid_gru_s2v_raw_autoLargest_L30_h10_thr10/checkpoints/trial_051_4eca16fcaa.pt,cuda:1,
trial_052_91a00acbc2,complete,gru_s2v,raw,16,1,0.0005,0.0,0.0,1.4501322609761471,2.139704887858597,8,4.5783371533019634,23,14.12958773970604,results/grid_searches/grid_gru_s2v_raw_autoLargest_L30_h10_thr10/checkpoints/trial_052_91a00acbc2.pt,cuda:2,
trial_053_a5f6cca789,complete,gru_s2v,raw,16,1,0.0005,1e-05,0.0,1.4501245882362128,2.139701532249818,8,4.578322563895696,23,14.084403362125158,results/grid_searches/grid_gru_s2v_raw_autoLargest_L30_h10_thr10/checkpoints/trial_053_a5f6cca789.pt,cuda:0,
trial_054_ab0230ed63,complete,gru_s2v,raw,16,1,0.0005,0.0001,0.0,1.449909878238281,2.1390229379822108,8,4.575419163402123,23,13.991115108132362,results/grid_searches/grid_gru_s2v_raw_autoLargest_L30_h10_thr10/checkpoints/trial_054_ab0230ed63.pt,cuda:2,
trial_055_8352d023e3,complete,gru_s2v,raw,16,1,0.001,0.0,0.0,1.467975558598019,2.1599454850743243,4,4.665364549129824,19,11.685401920229197,results/grid_searches/grid_gru_s2v_raw_autoLargest_L30_h10_thr10/checkpoints/trial_055_8352d023e3.pt,cuda:1,
trial_056_6648b8efdc,complete,gru_s2v,raw,16,1,0.001,1e-05,0.0,1.4679914817072546,2.159872628478169,4,4.665049801597112,19,12.252597752958536,results/grid_searches/grid_gru_s2v_raw_autoLargest_L30_h10_thr10/checkpoints/trial_056_6648b8efdc.pt,cuda:1,
trial_057_08ca407b3b,complete,gru_s2v,raw,16,1,0.001,0.0001,0.0,1.468215337751221,2.158582041101091,4,4.6594764926765535,19,12.23425479605794,results/grid_searches/grid_gru_s2v_raw_autoLargest_L30_h10_thr10/checkpoints/trial_057_08ca407b3b.pt,cuda:0,
trial_058_96c9b58004,complete,gru_s2v,raw,16,1,0.003,0.0,0.0,1.4475159460391047,2.2475992542009093,2,5.051702556730826,17,10.820056069642305,results/grid_searches/grid_gru_s2v_raw_autoLargest_L30_h10_thr10/checkpoints/trial_058_96c9b58004.pt,cuda:2,
trial_059_5bb916e396,complete,gru_s2v,raw,16,1,0.003,1e-05,0.0,1.4471512154433168,2.248186686494757,2,5.054343607757665,17,11.789671692997217,results/grid_searches/grid_gru_s2v_raw_autoLargest_L30_h10_thr10/checkpoints/trial_059_5bb916e396.pt,cuda:1,
trial_060_c59b3a0dc6,complete,gru_s2v,raw,16,1,0.003,0.0001,0.0,1.4473629310434755,2.25390920886043,2,5.0801067331169225,17,11.91035071387887,results/grid_searches/grid_gru_s2v_raw_autoLargest_L30_h10_thr10/checkpoints/trial_060_c59b3a0dc6.pt,cuda:0,
trial_061_444b8657ed,complete,gru_s2v,raw,16,2,0.0001,0.0,0.0,1.4547743999175256,2.138259939771636,43,4.572155699548842,58,47.39760610833764,results/grid_searches/grid_gru_s2v_raw_autoLargest_L30_h10_thr10/checkpoints/trial_061_444b8657ed.pt,cuda:2,
trial_062_cc8890e28e,complete,gru_s2v,raw,16,2,0.0001,1e-05,0.0,1.4548067070307988,2.138089297331192,43,4.571426022807254,58,49.43865587934852,results/grid_searches/grid_gru_s2v_raw_autoLargest_L30_h10_thr10/checkpoints/trial_062_cc8890e28e.pt,cuda:1,
trial_063_3c4ee48394,complete,gru_s2v,raw,16,2,0.0001,0.0001,0.0,1.4546433356753257,2.1372595604252975,43,4.567878445492515,58,50.471314907073975,results/grid_searches/grid_gru_s2v_raw_autoLargest_L30_h10_thr10/checkpoints/trial_063_3c4ee48394.pt,cuda:0,
trial_064_35efb2f8a1,complete,gru_s2v,raw,16,2,0.0003,0.0,0.0,1.4538927906383818,2.144640582059204,15,4.599483338488808,30,25.914212580770254,results/grid_searches/grid_gru_s2v_raw_autoLargest_L30_h10_thr10/checkpoints/trial_064_35efb2f8a1.pt,cuda:2,
trial_065_7c5fe3102e,complete,gru_s2v,raw,16,2,0.0003,1e-05,0.0,1.4539861782376147,2.144499661221186,15,4.598878898499887,30,24.792151503264904,results/grid_searches/grid_gru_s2v_raw_autoLargest_L30_h10_thr10/checkpoints/trial_065_7c5fe3102e.pt,cuda:1,
trial_066_8b62084144,complete,gru_s2v,raw,16,2,0.0003,0.0001,0.0,1.4536782778299684,2.143398106910344,15,4.594155514391162,30,25.418525330722332,results/grid_searches/grid_gru_s2v_raw_autoLargest_L30_h10_thr10/checkpoints/trial_066_8b62084144.pt,cuda:0,
trial_067_b11b946250,complete,gru_s2v,raw,16,2,0.0005,0.0,0.0,1.4525778885176288,2.143024691381845,9,4.5925549392458755,24,19.77103378996253,results/grid_searches/grid_gru_s2v_raw_autoLargest_L30_h10_thr10/checkpoints/trial_067_b11b946250.pt,cuda:2,
trial_068_dbe6c22607,complete,gru_s2v,raw,16,2,0.0005,1e-05,0.0,1.4529832943491165,2.1432984891385245,9,4.593728529652463,24,22.15406445786357,results/grid_searches/grid_gru_s2v_raw_autoLargest_L30_h10_thr10/checkpoints/trial_068_dbe6c22607.pt,cuda:1,
trial_069_b5d823c496,complete,gru_s2v,raw,16,2,0.0005,0.0001,0.0,1.4555160967090839,2.144006471852138,9,4.596763822700404,24,23.070082873106003,results/grid_searches/grid_gru_s2v_raw_autoLargest_L30_h10_thr10/checkpoints/trial_069_b5d823c496.pt,cuda:0,
trial_070_56ebe46a68,complete,gru_s2v,raw,16,2,0.001,0.0,0.0,1.471826468292105,2.151748696664518,4,4.630022533634041,19,16.146231815218925,results/grid_searches/grid_gru_s2v_raw_autoLargest_L30_h10_thr10/checkpoints/trial_070_56ebe46a68.pt,cuda:2,
trial_071_63bc60dded,complete,gru_s2v,raw,16,2,0.001,1e-05,0.0,1.4724824494359237,2.1520875049374797,4,4.631480711321288,19,17.044785551726818,results/grid_searches/grid_gru_s2v_raw_autoLargest_L30_h10_thr10/checkpoints/trial_071_63bc60dded.pt,cuda:1,
trial_072_baf0a5e941,complete,gru_s2v,raw,16,2,0.001,0.0001,0.0,1.4727293331572149,2.1508805730399647,4,4.626287268988694,19,16.147925585508347,results/grid_searches/grid_gru_s2v_raw_autoLargest_L30_h10_thr10/checkpoints/trial_072_baf0a5e941.pt,cuda:2,
trial_073_38f57c69f0,complete,gru_s2v,raw,16,2,0.003,0.0,0.0,1.4463066056681961,2.228891522552624,2,4.967957548250126,17,14.800770819187164,results/grid_searches/grid_gru_s2v_raw_autoLargest_L30_h10_thr10/checkpoints/trial_073_38f57c69f0.pt,cuda:0,
trial_074_f48e737d2e,complete,gru_s2v,raw,16,2,0.003,1e-05,0.0,1.4457377344982911,2.228210985562275,2,4.964924278440355,17,15.886526316404343,results/grid_searches/grid_gru_s2v_raw_autoLargest_L30_h10_thr10/checkpoints/trial_074_f48e737d2e.pt,cuda:1,
trial_075_225dee1daa,complete,gru_s2v,raw,16,2,0.003,0.0001,0.0,1.4347280065140016,2.22317395336122,2,4.942502614818042,17,16.03147405013442,results/grid_searches/grid_gru_s2v_raw_autoLargest_L30_h10_thr10/checkpoints/trial_075_225dee1daa.pt,cuda:2,
trial_076_50baaafd2c,complete,gru_s2v,raw,16,3,0.0001,0.0,0.0,1.4192524452762136,2.1050825709604686,43,4.4313727415060695,58,56.59515689313412,results/grid_searches/grid_gru_s2v_raw_autoLargest_L30_h10_thr10/checkpoints/trial_076_50baaafd2c.pt,cuda:0,
trial_077_025d17fe57,complete,gru_s2v,raw,16,3,0.0001,1e-05,0.0,1.419514404724859,2.1051386025655923,43,4.431608707089968,58,59.71697957441211,results/grid_searches/grid_gru_s2v_raw_autoLargest_L30_h10_thr10/checkpoints/trial_077_025d17fe57.pt,cuda:1,
trial_078_d2c45af2ed,complete,gru_s2v,raw,16,3,0.0001,0.0001,0.0,1.4212473746766394,2.104834283147963,43,4.430327451681789,58,57.516056798398495,results/grid_searches/grid_gru_s2v_raw_autoLargest_L30_h10_thr10/checkpoints/trial_078_d2c45af2ed.pt,cuda:2,
trial_079_1123428c64,complete,gru_s2v,raw,16,3,0.0003,0.0,0.0,1.4156293883929147,2.1115914191101743,15,4.458818316761452,30,29.72050704807043,results/grid_searches/grid_gru_s2v_raw_autoLargest_L30_h10_thr10/checkpoints/trial_079_1123428c64.pt,cuda:0,
trial_080_264cefff8f,complete,gru_s2v,raw,16,3,0.0003,1e-05,0.0,1.4158594905434152,2.111549832417434,15,4.458642806886117,30,30.883507903665304,results/grid_searches/grid_gru_s2v_raw_autoLargest_L30_h10_thr10/checkpoints/trial_080_264cefff8f.pt,cuda:2,
trial_081_7263a009d0,complete,gru_s2v,raw,16,3,0.0003,0.0001,0.0,1.4172221773608198,2.1108652283327958,15,4.455751967731911,30,31.018965128809214,results/grid_searches/grid_gru_s2v_raw_autoLargest_L30_h10_thr10/checkpoints/trial_081_7263a009d0.pt,cuda:1,
trial_082_16cc28a838,complete,gru_s2v,raw,16,3,0.0005,0.0,0.0,1.422902787407931,2.1199133676328117,9,4.4940327535701705,24,23.099849242717028,results/grid_searches/grid_gru_s2v_raw_autoLargest_L30_h10_thr10/checkpoints/trial_082_16cc28a838.pt,cuda:0,
trial_083_948efdafcd,complete,gru_s2v,raw,16,3,0.0005,1e-05,0.0,1.4232105074851196,2.1196072566024142,9,4.492735082891923,24,22.484557811170816,results/grid_searches/grid_gru_s2v_raw_autoLargest_L30_h10_thr10/checkpoints/trial_083_948efdafcd.pt,cuda:2,
trial_084_7ada1f1846,complete,gru_s2v,raw,16,3,0.0005,0.0001,0.0,1.4254241708307704,2.117390352853372,9,4.483342019817497,24,24.77735197544098,results/grid_searches/grid_gru_s2v_raw_autoLargest_L30_h10_thr10/checkpoints/trial_084_7ada1f1846.pt,cuda:1,
trial_085_8db12c5fd0,complete,gru_s2v,raw,16,3,0.001,0.0,0.0,1.4547901045870555,2.14109391457227,4,4.584283186514166,19,19.661970265209675,results/grid_searches/grid_gru_s2v_raw_autoLargest_L30_h10_thr10/checkpoints/trial_085_8db12c5fd0.pt,cuda:0,
trial_086_8cbaa29b08,complete,gru_s2v,raw,16,3,0.001,1e-05,0.0,1.455108605080956,2.1402324908427084,4,4.5805952084215384,19,18.007747873663902,results/grid_searches/grid_gru_s2v_raw_autoLargest_L30_h10_thr10/checkpoints/trial_086_8cbaa29b08.pt,cuda:2,
trial_087_f6f2d3cb1d,complete,gru_s2v,raw,16,3,0.001,0.0001,0.0,1.4571845017816825,2.134556834006054,4,4.556332988376859,19,18.304566487669945,results/grid_searches/grid_gru_s2v_raw_autoLargest_L30_h10_thr10/checkpoints/trial_087_f6f2d3cb1d.pt,cuda:0,
trial_088_2963b14b26,complete,gru_s2v,raw,16,3,0.003,0.0,0.0,1.4276112821669895,2.190521745254944,2,4.798385653012915,17,16.2987609654665,results/grid_searches/grid_gru_s2v_raw_autoLargest_L30_h10_thr10/checkpoints/trial_088_2963b14b26.pt,cuda:1,
trial_089_4444f0033a,complete,gru_s2v,raw,16,3,0.003,1e-05,0.0,1.4281868491868808,2.190448739289808,2,4.798065739341929,17,15.896266248077154,results/grid_searches/grid_gru_s2v_raw_autoLargest_L30_h10_thr10/checkpoints/trial_089_4444f0033a.pt,cuda:2,
trial_090_a11626e54c,complete,gru_s2v,raw,16,3,0.003,0.0001,0.0,1.4314870106957005,2.1999757221148113,2,4.8398932348323775,17,15.848380748182535,results/grid_searches/grid_gru_s2v_raw_autoLargest_L30_h10_thr10/checkpoints/trial_090_a11626e54c.pt,cuda:1,
trial_091_1c35f5b485,complete,gru_s2v,raw,32,1,0.0001,0.0,0.0,1.4469929149492256,2.1238056396173253,20,4.510550474818749,35,24.232777193188667,results/grid_searches/grid_gru_s2v_raw_autoLargest_L30_h10_thr10/checkpoints/trial_091_1c35f5b485.pt,cuda:0,
trial_092_20ab2be0d1,complete,gru_s2v,raw,32,1,0.0001,1e-05,0.0,1.4469917367540206,2.123735468448674,20,4.510252460045151,35,23.674541901797056,results/grid_searches/grid_gru_s2v_raw_autoLargest_L30_h10_thr10/checkpoints/trial_092_20ab2be0d1.pt,cuda:2,
trial_093_03d162f4ed,complete,gru_s2v,raw,32,1,0.0001,0.0001,0.0,1.44701319126483,2.1233072127735317,20,4.508433593073978,35,23.217819690704346,results/grid_searches/grid_gru_s2v_raw_autoLargest_L30_h10_thr10/checkpoints/trial_093_03d162f4ed.pt,cuda:1,
trial_094_763b757929,complete,gru_s2v,raw,32,1,0.0003,0.0,0.0,1.438681897367292,2.107512935740089,7,4.441610790204399,22,15.006081238389015,results/grid_searches/grid_gru_s2v_raw_autoLargest_L30_h10_thr10/checkpoints/trial_094_763b757929.pt,cuda:0,
trial_095_884092de1b,complete,gru_s2v,raw,32,1,0.0003,1e-05,0.0,1.4386587822823962,2.107525497150959,7,4.44166381872153,22,14.555196151137352,results/grid_searches/grid_gru_s2v_raw_autoLargest_L30_h10_thr10/checkpoints/trial_095_884092de1b.pt,cuda:2,
trial_096_8429148e92,complete,gru_s2v,raw,32,1,0.0003,0.0001,0.0,1.438590480803123,2.1075567648449076,7,4.441795638241345,22,14.697380252182484,results/grid_searches/grid_gru_s2v_raw_autoLargest_L30_h10_thr10/checkpoints/trial_096_8429148e92.pt,cuda:1,
trial_097_44506366fb,complete,gru_s2v,raw,32,1,0.0005,0.0,0.0,1.4657849420974904,2.12770915047682,4,4.527146254310125,19,12.3540603145957,results/grid_searches/grid_gru_s2v_raw_autoLargest_L30_h10_thr10/checkpoints/trial_097_44506366fb.pt,cuda:0,
trial_098_febca22dbb,complete,gru_s2v,raw,32,1,0.0005,1e-05,0.0,1.4657908619100912,2.1276833178123695,4,4.5270364320730865,19,12.935887161642313,results/grid_searches/grid_gru_s2v_raw_autoLargest_L30_h10_thr10/checkpoints/trial_098_febca22dbb.pt,cuda:2,
trial_099_3898a4e32c,complete,gru_s2v,raw,32,1,0.0005,0.0001,0.0,1.4658954907567063,2.127550696325093,4,4.526472102539449,19,12.984645143151283,results/grid_searches/grid_gru_s2v_raw_autoLargest_L30_h10_thr10/checkpoints/trial_099_3898a4e32c.pt,cuda:0,
trial_100_1b98cb81d2,complete,gru_s2v,raw,32,1,0.001,0.0,0.0,1.4709324750728623,2.1420390071175603,2,4.588331216498267,17,11.444819148629904,results/grid_searches/grid_gru_s2v_raw_autoLargest_L30_h10_thr10/checkpoints/trial_100_1b98cb81d2.pt,cuda:1,
trial_101_900d7c3b19,complete,gru_s2v,raw,32,1,0.001,1e-05,0.0,1.4709091562532548,2.1420245800976754,2,4.588269454618043,17,11.416366551071405,results/grid_searches/grid_gru_s2v_raw_autoLargest_L30_h10_thr10/checkpoints/trial_101_900d7c3b19.pt,cuda:1,
trial_102_fcd9d79040,complete,gru_s2v,raw,32,1,0.001,0.0001,0.0,1.4707555506133203,2.1420066421101116,2,4.588192465335508,17,11.295322470366955,results/grid_searches/grid_gru_s2v_raw_autoLargest_L30_h10_thr10/checkpoints/trial_102_fcd9d79040.pt,cuda:2,
trial_103_7cab30c557,complete,gru_s2v,raw,32,1,0.003,0.0,0.0,1.5486264161454348,2.313981175712362,1,5.354509102241902,16,10.615657575428486,results/grid_searches/grid_gru_s2v_raw_autoLargest_L30_h10_thr10/checkpoints/trial_103_7cab30c557.pt,cuda:0,
trial_104_715142e85c,complete,gru_s2v,raw,32,1,0.003,1e-05,0.0,1.548614313690157,2.314022199234338,1,5.354698970348021,16,10.887796189635992,results/grid_searches/grid_gru_s2v_raw_autoLargest_L30_h10_thr10/checkpoints/trial_104_715142e85c.pt,cuda:0,
trial_105_9dd5109406,complete,gru_s2v,raw,32,1,0.003,0.0001,0.0,1.5474447788703667,2.313806860295172,1,5.353702362881431,16,10.86072439327836,results/grid_searches/grid_gru_s2v_raw_autoLargest_L30_h10_thr10/checkpoints/trial_105_9dd5109406.pt,cuda:2,
trial_106_697d7602e7,complete,gru_s2v,raw,32,2,0.0001,0.0,0.0,1.4511613913587755,2.1508425655604593,20,4.626123740401449,35,28.106977846473455,results/grid_searches/grid_gru_s2v_raw_autoLargest_L30_h10_thr10/checkpoints/trial_106_697d7602e7.pt,cuda:1,
trial_107_3426d01381,complete,gru_s2v,raw,32,2,0.0001,1e-05,0.0,1.4511471373644433,2.150653220683638,20,4.625309252437157,35,29.895334523171186,results/grid_searches/grid_gru_s2v_raw_autoLargest_L30_h10_thr10/checkpoints/trial_107_3426d01381.pt,cuda:0,
trial_108_7c3bd8cf4a,complete,gru_s2v,raw,32,2,0.0001,0.0001,0.0,1.4504497601271054,2.147396132328553,20,4.611310324487807,35,29.65847836062312,results/grid_searches/grid_gru_s2v_raw_autoLargest_L30_h10_thr10/checkpoints/trial_108_7c3bd8cf4a.pt,cuda:2,
trial_109_6e0623c8d7,complete,gru_s2v,raw,32,2,0.0003,0.0,0.0,1.4550180204655927,2.154735102137381,7,4.64288352169568,22,18.31626931205392,results/grid_searches/grid_gru_s2v_raw_autoLargest_L30_h10_thr10/checkpoints/trial_109_6e0623c8d7.pt,cuda:1,
trial_110_b76c5145bd,complete,gru_s2v,raw,32,2,0.0003,1e-05,0.0,1.4550017289694728,2.154526884975934,7,4.641986057426356,22,18.456797912716866,results/grid_searches/grid_gru_s2v_raw_autoLargest_L30_h10_thr10/checkpoints/trial_110_b76c5145bd.pt,cuda:0,
trial_111_ada3819d49,complete,gru_s2v,raw,32,2,0.0003,0.0001,0.0,1.4547452364588462,2.1517271889969107,7,4.629930110520954,22,17.993404533714056,results/grid_searches/grid_gru_s2v_raw_autoLargest_L30_h10_thr10/checkpoints/trial_111_ada3819d49.pt,cuda:2,
trial_112_be6443fa7c,complete,gru_s2v,raw,32,2,0.0005,0.0,0.0,1.4826844625693711,2.1686029975869903,4,4.702838981604274,19,15.758731100708246,results/grid_searches/grid_gru_s2v_raw_autoLargest_L30_h10_thr10/checkpoints/trial_112_be6443fa7c.pt,cuda:1,
trial_113_1359a2f7a9,complete,gru_s2v,raw,32,2,0.0005,1e-05,0.0,1.4826231642171175,2.1683498930066394,4,4.701741366446773,19,15.99267402291298,results/grid_searches/grid_gru_s2v_raw_autoLargest_L30_h10_thr10/checkpoints/trial_113_1359a2f7a9.pt,cuda:2,
trial_114_94a4a4ec9b,complete,gru_s2v,raw,32,2,0.0005,0.0001,0.0,1.4822362231651816,2.1653157600502975,4,4.688592460487462,19,16.52760300040245,results/grid_searches/grid_gru_s2v_raw_autoLargest_L30_h10_thr10/checkpoints/trial_114_94a4a4ec9b.pt,cuda:0,
trial_115_3078ac9a49,complete,gru_s2v,raw,32,2,0.001,0.0,0.0,1.470674778080628,2.178825936201234,2,4.747282505638991,17,14.53854537755251,results/grid_searches/grid_gru_s2v_raw_autoLargest_L30_h10_thr10/checkpoints/trial_115_3078ac9a49.pt,cuda:1,
trial_116_d50cfec8c2,complete,gru_s2v,raw,32,2,0.001,1e-05,0.0,1.4706353635359792,2.178382645628296,2,4.745351048964489,17,14.901000522077084,results/grid_searches/grid_gru_s2v_raw_autoLargest_L30_h10_thr10/checkpoints/trial_116_d50cfec8c2.pt,cuda:2,
trial_117_2e5d268383,complete,gru_s2v,raw,32,2,0.001,0.0001,0.0,1.4701275156202573,2.1736984739374825,2,4.724965201148504,17,15.054201412945986,results/grid_searches/grid_gru_s2v_raw_autoLargest_L30_h10_thr10/checkpoints/trial_117_2e5d268383.pt,cuda:0,
trial_118_e3a50583e5,complete,gru_s2v,raw,32,2,0.003,0.0,0.0,1.4903156801501785,2.345613781103213,2,5.501904144769982,17,14.490986570715904,results/grid_searches/grid_gru_s2v_raw_autoLargest_L30_h10_thr10/checkpoints/trial_118_e3a50583e5.pt,cuda:1,
trial_119_fe576591ae,complete,gru_s2v,raw,32,2,0.003,1e-05,0.0,1.4903682242701703,2.350640964035676,2,5.525512953649593,17,14.801160518079996,results/grid_searches/grid_gru_s2v_raw_autoLargest_L30_h10_thr10/checkpoints/trial_119_fe576591ae.pt,cuda:2,
trial_120_1f22b78c6d,complete,gru_s2v,raw,32,2,0.003,0.0001,0.0,1.6416289926263727,2.3612788634801953,1,5.5756380431259736,16,13.936216529458761,results/grid_searches/grid_gru_s2v_raw_autoLargest_L30_h10_thr10/checkpoints/trial_120_1f22b78c6d.pt,cuda:0,
trial_121_bb16e58c34,complete,gru_s2v,raw,32,3,0.0001,0.0,0.0,1.416212774244479,2.0975880934030613,22,4.399875794181341,37,35.453075140714645,results/grid_searches/grid_gru_s2v_raw_autoLargest_L30_h10_thr10/checkpoints/trial_121_bb16e58c34.pt,cuda:1,
trial_122_484c3f48a7,complete,gru_s2v,raw,32,3,0.0001,1e-05,0.0,1.4162337572070993,2.0975170723652963,22,4.399577865721304,37,38.575999330729246,results/grid_searches/grid_gru_s2v_raw_autoLargest_L30_h10_thr10/checkpoints/trial_122_484c3f48a7.pt,cuda:2,
trial_123_26e50f2bfe,complete,gru_s2v,raw,32,3,0.0001,0.0001,0.0,1.4167110439239046,2.0961361499374456,22,4.393786845629728,37,39.11389162391424,results/grid_searches/grid_gru_s2v_raw_autoLargest_L30_h10_thr10/checkpoints/trial_123_26e50f2bfe.pt,cuda:0,
trial_124_d26a78b760,complete,gru_s2v,raw,32,3,0.0003,0.0,0.0,1.4398493674972768,2.101935485877021,7,4.418132899682733,22,20.88748662918806,results/grid_searches/grid_gru_s2v_raw_autoLargest_L30_h10_thr10/checkpoints/trial_124_d26a78b760.pt,cuda:1,
trial_125_d873cf0b13,complete,gru_s2v,raw,32,3,0.0003,1e-05,0.0,1.4398245712633753,2.1018499896857885,7,4.4177734417251395,22,20.680603682994843,results/grid_searches/grid_gru_s2v_raw_autoLargest_L30_h10_thr10/checkpoints/trial_125_d873cf0b13.pt,cuda:2,
trial_126_d554595f6e,complete,gru_s2v,raw,32,3,0.0003,0.0001,0.0,1.4401653667577083,2.1008738932496804,7,4.41367123941832,22,21.014104273170233,results/grid_searches/grid_gru_s2v_raw_autoLargest_L30_h10_thr10/checkpoints/trial_126_d554595f6e.pt,cuda:0,
trial_127_62c9b8c24a,complete,gru_s2v,raw,32,3,0.0005,0.0,0.0,1.469864213041301,2.1169522467123607,4,4.481486922879762,19,17.937336049973965,results/grid_searches/grid_gru_s2v_raw_autoLargest_L30_h10_thr10/checkpoints/trial_127_62c9b8c24a.pt,cuda:1,
trial_128_47206f8cce,complete,gru_s2v,raw,32,3,0.0005,1e-05,0.0,1.4701952769494133,2.117033061186648,4,4.481829026982754,19,16.84812930971384,results/grid_searches/grid_gru_s2v_raw_autoLargest_L30_h10_thr10/checkpoints/trial_128_47206f8cce.pt,cuda:2,
trial_129_5e0993af77,complete,gru_s2v,raw,32,3,0.0005,0.0001,0.0,1.4725091402260941,2.1168570769910042,4,4.481083979184114,19,17.565208438783884,results/grid_searches/grid_gru_s2v_raw_autoLargest_L30_h10_thr10/checkpoints/trial_129_5e0993af77.pt,cuda:0,
trial_130_9b145b5bf2,complete,gru_s2v,raw,32,3,0.001,0.0,0.0,1.4465908841779338,2.1179358274506725,2,4.485652216778526,17,15.350725684314966,results/grid_searches/grid_gru_s2v_raw_autoLargest_L30_h10_thr10/checkpoints/trial_130_9b145b5bf2.pt,cuda:1,
trial_131_23d5dd063c,complete,gru_s2v,raw,32,3,0.001,1e-05,0.0,1.4466378066292669,2.117474828308188,2,4.483699747882312,17,16.486187152564526,results/grid_searches/grid_gru_s2v_raw_autoLargest_L30_h10_thr10/checkpoints/trial_131_23d5dd063c.pt,cuda:2,
trial_132_c128e7157e,complete,gru_s2v,raw,32,3,0.001,0.0001,0.0,1.4469458953800458,2.1127936428701677,2,4.463897051388704,17,16.83089927211404,results/grid_searches/grid_gru_s2v_raw_autoLargest_L30_h10_thr10/checkpoints/trial_132_c128e7157e.pt,cuda:1,
trial_133_5b5e2af7b6,complete,gru_s2v,raw,32,3,0.003,0.0,0.0,1.5341481946022073,2.2346465638458395,1,4.99364534571201,16,15.876231763511896,results/grid_searches/grid_gru_s2v_raw_autoLargest_L30_h10_thr10/checkpoints/trial_133_5b5e2af7b6.pt,cuda:0,
trial_134_3c23fb861d,complete,gru_s2v,raw,32,3,0.003,1e-05,0.0,1.5063029514036224,2.218188053169344,1,4.920358292664154,16,15.675497848540545,results/grid_searches/grid_gru_s2v_raw_autoLargest_L30_h10_thr10/checkpoints/trial_134_3c23fb861d.pt,cuda:2,
trial_135_4849528163,complete,gru_s2v,raw,32,3,0.003,0.0001,0.0,1.4643681821736354,2.2037280881286185,1,4.856417495993119,16,15.075363010168076,results/grid_searches/grid_gru_s2v_raw_autoLargest_L30_h10_thr10/checkpoints/trial_135_4849528163.pt,cuda:1,
trial_136_c6c8cc778d,complete,gru_s2v,raw,64,1,0.0001,0.0,0.0,1.407579597243214,2.053676576791205,12,4.217587448675421,27,19.695506721735,results/grid_searches/grid_gru_s2v_raw_autoLargest_L30_h10_thr10/checkpoints/trial_136_c6c8cc778d.pt,cuda:0,
trial_137_d90cc7b221,complete,gru_s2v,raw,64,1,0.0001,1e-05,0.0,1.4075880328094281,2.0537133465327404,12,4.217738570442682,27,17.147121593356133,results/grid_searches/grid_gru_s2v_raw_autoLargest_L30_h10_thr10/checkpoints/trial_137_d90cc7b221.pt,cuda:2,
trial_138_31da946c12,complete,gru_s2v,raw,64,1,0.0001,0.0001,0.0,1.4076509394987098,2.0539150693813184,12,4.218567288374599,27,16.946139119565487,results/grid_searches/grid_gru_s2v_raw_autoLargest_L30_h10_thr10/checkpoints/trial_138_31da946c12.pt,cuda:1,
trial_139_45efd35636,complete,gru_s2v,raw,64,1,0.0003,0.0,0.0,1.4513756658202863,2.0692103887556974,4,4.281631674947618,19,12.081971663981676,results/grid_searches/grid_gru_s2v_raw_autoLargest_L30_h10_thr10/checkpoints/trial_139_45efd35636.pt,cuda:0,
trial_140_63f427d817,complete,gru_s2v,raw,64,1,0.0003,1e-05,0.0,1.45134249522056,2.069208352320738,4,4.281623227988617,19,12.698663398623466,results/grid_searches/grid_gru_s2v_raw_autoLargest_L30_h10_thr10/checkpoints/trial_140_63f427d817.pt,cuda:2,
trial_141_3d8b7259c3,complete,gru_s2v,raw,64,1,0.0003,0.0001,0.0,1.4511059538369315,2.069069370257354,4,4.281048188632048,19,12.708477150648832,results/grid_searches/grid_gru_s2v_raw_autoLargest_L30_h10_thr10/checkpoints/trial_141_3d8b7259c3.pt,cuda:0,
trial_142_953f3abb06,complete,gru_s2v,raw,64,1,0.0005,0.0,0.0,1.4804383655147084,2.084425059179752,2,4.344827859009368,17,11.15591175854206,results/grid_searches/grid_gru_s2v_raw_autoLargest_L30_h10_thr10/checkpoints/trial_142_953f3abb06.pt,cuda:1,
trial_143_2b68910ef2,complete,gru_s2v,raw,64,1,0.0005,1e-05,0.0,1.4804325718300628,2.0844432950451397,2,4.344903948337217,17,10.84583593904972,results/grid_searches/grid_gru_s2v_raw_autoLargest_L30_h10_thr10/checkpoints/trial_143_2b68910ef2.pt,cuda:1,
trial_144_3fd5fa393f,complete,gru_s2v,raw,64,1,0.0005,0.0001,0.0,1.4803802864772233,2.084537645549357,2,4.345297279237192,17,10.929136902093887,results/grid_searches/grid_gru_s2v_raw_autoLargest_L30_h10_thr10/checkpoints/trial_144_3fd5fa393f.pt,cuda:2,
trial_145_e31f84f6dc,complete,gru_s2v,raw,64,1,0.001,0.0,0.0,1.509169938923626,2.1183307716823143,1,4.487325378611118,16,10.160902444273233,results/grid_searches/grid_gru_s2v_raw_autoLargest_L30_h10_thr10/checkpoints/trial_145_e31f84f6dc.pt,cuda:0,
trial_146_3f230449c5,complete,gru_s2v,raw,64,1,0.001,1e-05,0.0,1.5091381366051073,2.118374589079519,1,4.487510961218725,16,9.954026963561773,results/grid_searches/grid_gru_s2v_raw_autoLargest_L30_h10_thr10/checkpoints/trial_146_3f230449c5.pt,cuda:1,
trial_147_2442c5899d,complete,gru_s2v,raw,64,1,0.001,0.0001,0.0,1.5088408618684435,2.1186025422901635,1,4.488476849809477,16,10.073095008730888,results/grid_searches/grid_gru_s2v_raw_autoLargest_L30_h10_thr10/checkpoints/trial_147_2442c5899d.pt,cuda:0,
trial_148_1d15171847,complete,gru_s2v,raw,64,1,0.003,0.0,0.0,1.4146546123761543,2.1532705812569213,19,4.636574288259578,34,21.67719042301178,results/grid_searches/grid_gru_s2v_raw_autoLargest_L30_h10_thr10/checkpoints/trial_148_1d15171847.pt,cuda:2,
trial_149_5dff333082,complete,gru_s2v,raw,64,1,0.003,1e-05,0.0,1.4006748364177308,2.138303867749149,22,4.5723435667496695,37,24.107568353414536,results/grid_searches/grid_gru_s2v_raw_autoLargest_L30_h10_thr10/checkpoints/trial_149_5dff333082.pt,cuda:1,
trial_150_2c392966e6,complete,gru_s2v,raw,64,1,0.003,0.0001,0.0,1.4159135394505684,2.2151691349582276,35,4.906974304778666,50,33.67803205922246,results/grid_searches/grid_gru_s2v_raw_autoLargest_L30_h10_thr10/checkpoints/trial_150_2c392966e6.pt,cuda:0,
trial_151_a80a59c35b,complete,gru_s2v,raw,64,2,0.0001,0.0,0.0,1.43517778082456,2.0722139132161184,10,4.294070625908767,25,18.98282178863883,results/grid_searches/grid_gru_s2v_raw_autoLargest_L30_h10_thr10/checkpoints/trial_151_a80a59c35b.pt,cuda:2,
trial_152_ed80299605,complete,gru_s2v,raw,64,2,0.0001,1e-05,0.0,1.435189808113854,2.0721177206072046,10,4.29367190916327,25,20.234850130975246,results/grid_searches/grid_gru_s2v_raw_autoLargest_L30_h10_thr10/checkpoints/trial_152_ed80299605.pt,cuda:1,
trial_153_e5f9b6b867,complete,gru_s2v,raw,64,2,0.0001,0.0001,0.0,1.4353350181038245,2.0710779150942615,10,4.289363859876802,25,20.760282665491104,results/grid_searches/grid_gru_s2v_raw_autoLargest_L30_h10_thr10/checkpoints/trial_153_e5f9b6b867.pt,cuda:2,
trial_154_03c2302acb,complete,gru_s2v,raw,64,2,0.0003,0.0,0.0,1.4717623439101102,2.1195604579521587,4,4.492536696301231,19,15.79498591646552,results/grid_searches/grid_gru_s2v_raw_autoLargest_L30_h10_thr10/checkpoints/trial_154_03c2302acb.pt,cuda:0,
trial_155_9bba2a7403,complete,gru_s2v,raw,64,2,0.0003,1e-05,0.0,1.4718380195515441,2.119313626876839,4,4.491490424735637,19,16.196586214005947,results/grid_searches/grid_gru_s2v_raw_autoLargest_L30_h10_thr10/checkpoints/trial_155_9bba2a7403.pt,cuda:1,
trial_156_c35933aa63,complete,gru_s2v,raw,64,2,0.0003,0.0001,0.0,1.4726299642281064,2.117072844119108,4,4.481997431079043,19,16.24596432968974,results/grid_searches/grid_gru_s2v_raw_autoLargest_L30_h10_thr10/checkpoints/trial_156_c35933aa63.pt,cuda:0,
trial_157_0e5e53b5b0,complete,gru_s2v,raw,64,2,0.0005,0.0,0.0,1.4467289715863858,2.091400342540167,2,4.37395546285412,17,14.134705509990454,results/grid_searches/grid_gru_s2v_raw_autoLargest_L30_h10_thr10/checkpoints/trial_157_0e5e53b5b0.pt,cuda:2,
trial_158_adbc219031,complete,gru_s2v,raw,64,2,0.0005,1e-05,0.0,1.4465031103025887,2.0911133918978244,2,4.372755171377448,17,14.731512401252985,results/grid_searches/grid_gru_s2v_raw_autoLargest_L30_h10_thr10/checkpoints/trial_158_adbc219031.pt,cuda:1,
trial_159_7f38cf16e4,complete,gru_s2v,raw,64,2,0.0005,0.0001,0.0,1.4448843799899274,2.0884352188575894,2,4.3615617239022555,17,14.397774375975132,results/grid_searches/grid_gru_s2v_raw_autoLargest_L30_h10_thr10/checkpoints/trial_159_7f38cf16e4.pt,cuda:0,
trial_160_86f7b530da,complete,gru_s2v,raw,64,2,0.001,0.0,0.0,1.5051721298628593,2.1369896540005695,1,4.566724814644343,16,13.330712955445051,results/grid_searches/grid_gru_s2v_raw_autoLargest_L30_h10_thr10/checkpoints/trial_160_86f7b530da.pt,cuda:2,
trial_161_9e28e2e7d9,complete,gru_s2v,raw,64,2,0.001,1e-05,0.0,1.505046872522069,2.1366261377612483,1,4.565171329884589,16,13.396318212151527,results/grid_searches/grid_gru_s2v_raw_autoLargest_L30_h10_thr10/checkpoints/trial_161_9e28e2e7d9.pt,cuda:1,
trial_162_f035cac1d2,complete,gru_s2v,raw,64,2,0.001,0.0001,0.0,1.5035510672996693,2.132647193188771,1,4.548184093644347,16,13.420003354549408,results/grid_searches/grid_gru_s2v_raw_autoLargest_L30_h10_thr10/checkpoints/trial_162_f035cac1d2.pt,cuda:2,
trial_163_2af248ad8b,complete,gru_s2v,raw,64,2,0.003,0.0,0.0,1.471614888417004,2.277051636349711,12,5.184964263288281,27,22.449088737368584,results/grid_searches/grid_gru_s2v_raw_autoLargest_L30_h10_thr10/checkpoints/trial_163_2af248ad8b.pt,cuda:0,
trial_164_0a9ac4c2ff,complete,gru_s2v,raw,64,2,0.003,1e-05,0.0,1.4608488538380289,2.2828369581343155,1,5.21134463986264,16,13.777417216449976,results/grid_searches/grid_gru_s2v_raw_autoLargest_L30_h10_thr10/checkpoints/trial_164_0a9ac4c2ff.pt,cuda:1,
trial_165_4e4c4cb8c7,complete,gru_s2v,raw,64,2,0.003,0.0001,0.0,1.4430940627457598,2.1874196051693655,15,4.784804692751245,30,25.893007408827543,results/grid_searches/grid_gru_s2v_raw_autoLargest_L30_h10_thr10/checkpoints/trial_165_4e4c4cb8c7.pt,cuda:2,
trial_166_4a8ed6aa75,complete,gru_s2v,raw,64,3,0.0001,0.0,0.0,1.4427893227725466,2.090771869701562,10,4.371327196193647,25,25.645952943712473,results/grid_searches/grid_gru_s2v_raw_autoLargest_L30_h10_thr10/checkpoints/trial_166_4a8ed6aa75.pt,cuda:1,
trial_167_aa0176519d,complete,gru_s2v,raw,64,3,0.0001,1e-05,0.0,1.4427564234531756,2.090248597818311,10,4.369139163101775,25,26.637010138481855,results/grid_searches/grid_gru_s2v_raw_autoLargest_L30_h10_thr10/checkpoints/trial_167_aa0176519d.pt,cuda:0,
trial_168_1b4444aec4,complete,gru_s2v,raw,64,3,0.0001,0.0001,0.0,1.4428245913086435,2.0853206709125818,10,4.348562319671052,25,24.271814692765474,results/grid_searches/grid_gru_s2v_raw_autoLargest_L30_h10_thr10/checkpoints/trial_168_1b4444aec4.pt,cuda:2,
trial_169_067e63ee34,complete,gru_s2v,raw,64,3,0.0003,0.0,0.0,1.567886965117311,2.1542669612300314,3,4.640866157676601,18,17.451482474803925,results/grid_searches/grid_gru_s2v_raw_autoLargest_L30_h10_thr10/checkpoints/trial_169_067e63ee34.pt,cuda:1,
trial_170_60978cb877,complete,gru_s2v,raw,64,3,0.0003,1e-05,0.0,1.573926013746782,2.156431931676122,3,4.650198594226113,18,17.475150145590305,results/grid_searches/grid_gru_s2v_raw_autoLargest_L30_h10_thr10/checkpoints/trial_170_60978cb877.pt,cuda:0,
trial_171_7052c68c18,complete,gru_s2v,raw,64,3,0.0003,0.0001,0.0,1.4434818030393954,2.1472309239425678,4,4.6106006685691545,19,18.29701842740178,results/grid_searches/grid_gru_s2v_raw_autoLargest_L30_h10_thr10/checkpoints/trial_171_7052c68c18.pt,cuda:2,
trial_172_70f52b4d09,complete,gru_s2v,raw,64,3,0.0005,0.0,0.0,1.449279228789331,2.1249295047250643,2,4.5153254484828516,17,16.260331504046917,results/grid_searches/grid_gru_s2v_raw_autoLargest_L30_h10_thr10/checkpoints/trial_172_70f52b4d09.pt,cuda:1,
trial_173_d5049400c2,complete,gru_s2v,raw,64,3,0.0005,1e-05,0.0,1.449301520138036,2.123752731247568,2,4.5103257161152515,17,16.490163180977106,results/grid_searches/grid_gru_s2v_raw_autoLargest_L30_h10_thr10/checkpoints/trial_173_d5049400c2.pt,cuda:0,
trial_174_e5e84cde25,complete,gru_s2v,raw,64,3,0.0005,0.0001,0.0,1.4491881149111292,2.1125114588267637,2,4.462704710417156,17,16.507056832313538,results/grid_searches/grid_gru_s2v_raw_autoLargest_L30_h10_thr10/checkpoints/trial_174_e5e84cde25.pt,cuda:1,
trial_175_fb91364265,complete,gru_s2v,raw,64,3,0.001,0.0,0.0,1.5000531772580705,2.161005182927411,1,4.669943570487107,16,15.173071499913931,results/grid_searches/grid_gru_s2v_raw_autoLargest_L30_h10_thr10/checkpoints/trial_175_fb91364265.pt,cuda:2,
trial_176_dd5c1959d0,complete,gru_s2v,raw,64,3,0.001,1e-05,0.0,1.4997989859809226,2.1596643413365317,1,4.664150129390668,16,15.363549750298262,results/grid_searches/grid_gru_s2v_raw_autoLargest_L30_h10_thr10/checkpoints/trial_176_dd5c1959d0.pt,cuda:0,
trial_177_da1bfc8b99,complete,gru_s2v,raw,64,3,0.001,0.0001,0.0,1.49898389414613,2.149460898854547,1,4.620182125477851,16,14.8735835775733,results/grid_searches/grid_gru_s2v_raw_autoLargest_L30_h10_thr10/checkpoints/trial_177_da1bfc8b99.pt,cuda:2,
trial_178_fffbafcb84,complete,gru_s2v,raw,64,3,0.003,0.0,0.0,1.4477701875972975,2.1213991640152097,1,4.500334477122826,16,14.27255867049098,results/grid_searches/grid_gru_s2v_raw_autoLargest_L30_h10_thr10/checkpoints/trial_178_fffbafcb84.pt,cuda:1,
trial_179_131e0f8f5a,complete,gru_s2v,raw,64,3,0.003,1e-05,0.0,1.4570864429796422,2.1265641355264635,1,4.522275023520748,16,15.019915867596865,results/grid_searches/grid_gru_s2v_raw_autoLargest_L30_h10_thr10/checkpoints/trial_179_131e0f8f5a.pt,cuda:0,
trial_180_8abab5987c,complete,gru_s2v,raw,64,3,0.003,0.0001,0.0,1.4360625951623993,2.1477709914620626,22,4.612920344328579,37,32.06773284077644,results/grid_searches/grid_gru_s2v_raw_autoLargest_L30_h10_thr10/checkpoints/trial_180_8abab5987c.pt,cuda:2,
trial_181_115b6ed274,complete,gru_s2v,raw,128,1,0.0001,0.0,0.0,1.4076443153176503,2.02684460234182,7,4.108099166049233,22,15.359208341687918,results/grid_searches/grid_gru_s2v_raw_autoLargest_L30_h10_thr10/checkpoints/trial_181_115b6ed274.pt,cuda:1,
trial_182_d6dc803b53,complete,gru_s2v,raw,128,1,0.0001,1e-05,0.0,1.4076556101186743,2.0268494921609377,7,4.10811888990523,22,15.538914624601603,results/grid_searches/grid_gru_s2v_raw_autoLargest_L30_h10_thr10/checkpoints/trial_182_d6dc803b53.pt,cuda:0,
trial_183_e5147ca674,complete,gru_s2v,raw,128,1,0.0001,0.0001,0.0,1.4078377019991226,2.0269621100909982,7,4.1085755432708355,22,15.532384052872658,results/grid_searches/grid_gru_s2v_raw_autoLargest_L30_h10_thr10/checkpoints/trial_183_e5147ca674.pt,cuda:1,
trial_184_9496e7af53,complete,gru_s2v,raw,128,1,0.0003,0.0,0.0,1.4532544853198754,2.0442158877792993,2,4.178818683684627,17,12.11882921308279,results/grid_searches/grid_gru_s2v_raw_autoLargest_L30_h10_thr10/checkpoints/trial_184_9496e7af53.pt,cuda:0,
trial_185_46f4921472,complete,gru_s2v,raw,128,1,0.0003,1e-05,0.0,1.453243543340624,2.0442292093746826,2,4.178873092615151,17,11.029521200805902,results/grid_searches/grid_gru_s2v_raw_autoLargest_L30_h10_thr10/checkpoints/trial_185_46f4921472.pt,cuda:0,
trial_186_7657307ac1,complete,gru_s2v,raw,128,1,0.0003,0.0001,0.0,1.4533128404060873,2.0445322375369543,2,4.180112093913404,17,10.519498523324728,results/grid_searches/grid_gru_s2v_raw_autoLargest_L30_h10_thr10/checkpoints/trial_186_7657307ac1.pt,cuda:1,
trial_187_1c6c5fbbd5,complete,gru_s2v,raw,128,1,0.0005,0.0,0.0,1.4893328262365695,2.0921193842435115,1,4.376963627489308,16,10.06759712100029,results/grid_searches/grid_gru_s2v_raw_autoLargest_L30_h10_thr10/checkpoints/trial_187_1c6c5fbbd5.pt,cuda:2,
trial_188_272a83ac15,complete,gru_s2v,raw,128,1,0.0005,1e-05,0.0,1.4893225325596862,2.0921221201404645,1,4.376974940601784,16,10.572580229490995,results/grid_searches/grid_gru_s2v_raw_autoLargest_L30_h10_thr10/checkpoints/trial_188_272a83ac15.pt,cuda:0,
trial_189_5d1067e82c,complete,gru_s2v,raw,128,1,0.0005,0.0001,0.0,1.489210961416741,2.0917298280845595,1,4.3753337401378,16,10.347839210182428,results/grid_searches/grid_gru_s2v_raw_autoLargest_L30_h10_thr10/checkpoints/trial_189_5d1067e82c.pt,cuda:1,
trial_190_d70cd5a41c,complete,gru_s2v,raw,128,1,0.001,0.0,0.0,1.4738158780232637,2.1315018307464797,1,4.543300170234487,16,9.733673073351383,results/grid_searches/grid_gru_s2v_raw_autoLargest_L30_h10_thr10/checkpoints/trial_190_d70cd5a41c.pt,cuda:2,
trial_191_4cafc6482c,complete,gru_s2v,raw,128,1,0.001,1e-05,0.0,1.4733090709140406,2.131446570616729,1,4.5430646848075,16,10.661771688610315,results/grid_searches/grid_gru_s2v_raw_autoLargest_L30_h10_thr10/checkpoints/trial_191_4cafc6482c.pt,cuda:0,
trial_192_8086ae25d2,complete,gru_s2v,raw,128,1,0.001,0.0001,0.0,1.472034915256538,2.130259116404634,1,4.538003891027427,16,10.23317525908351,results/grid_searches/grid_gru_s2v_raw_autoLargest_L30_h10_thr10/checkpoints/trial_192_8086ae25d2.pt,cuda:2,
trial_193_35a879f5a2,complete,gru_s2v,raw,128,1,0.003,0.0,0.0,1.4065733898940342,2.201761719254672,17,4.847754807713666,32,21.67747914046049,results/grid_searches/grid_gru_s2v_raw_autoLargest_L30_h10_thr10/checkpoints/trial_193_35a879f5a2.pt,cuda:1,
trial_194_8ad587e014,complete,gru_s2v,raw,128,1,0.003,1e-05,0.0,1.4308743519845266,2.1997289264635893,12,4.838807476019557,27,18.13652016222477,results/grid_searches/grid_gru_s2v_raw_autoLargest_L30_h10_thr10/checkpoints/trial_194_8ad587e014.pt,cuda:0,
trial_195_f9a101f37a,complete,gru_s2v,raw,128,1,0.003,0.0001,0.0,1.456634145493183,2.1976414258871952,37,4.829628039613555,52,35.204246904700994,results/grid_searches/grid_gru_s2v_raw_autoLargest_L30_h10_thr10/checkpoints/trial_195_f9a101f37a.pt,cuda:2,
trial_196_5ed917b4de,complete,gru_s2v,raw,128,2,0.0001,0.0,0.0,1.4581209592134514,2.0640411984659024,5,4.260266151307504,20,15.901279006153345,results/grid_searches/grid_gru_s2v_raw_autoLargest_L30_h10_thr10/checkpoints/trial_196_5ed917b4de.pt,cuda:1,
trial_197_e6467988b4,complete,gru_s2v,raw,128,2,0.0001,1e-05,0.0,1.458086416620431,2.0639219269752984,5,4.259773929209649,20,16.18536266312003,results/grid_searches/grid_gru_s2v_raw_autoLargest_L30_h10_thr10/checkpoints/trial_197_e6467988b4.pt,cuda:0,
trial_198_e7cfc8fe81,complete,gru_s2v,raw,128,2,0.0001,0.0001,0.0,1.4577524201185266,2.062673507089208,5,4.254622113251988,20,16.096875742077827,results/grid_searches/grid_gru_s2v_raw_autoLargest_L30_h10_thr10/checkpoints/trial_198_e7cfc8fe81.pt,cuda:1,
trial_199_80b5c54fb4,complete,gru_s2v,raw,128,2,0.0003,0.0,0.0,1.5301597370009257,2.1445717357271876,2,4.599188071866578,17,14.043969295918941,results/grid_searches/grid_gru_s2v_raw_autoLargest_L30_h10_thr10/checkpoints/trial_199_80b5c54fb4.pt,cuda:0,
trial_200_1ac2ecd6b2,complete,gru_s2v,raw,128,2,0.0003,1e-05,0.0,1.529721817092239,2.143799476550667,2,4.595876194253752,17,13.677637070417404,results/grid_searches/grid_gru_s2v_raw_autoLargest_L30_h10_thr10/checkpoints/trial_200_1ac2ecd6b2.pt,cuda:2,
trial_201_a2786658f4,complete,gru_s2v,raw,128,2,0.0003,0.0001,0.0,1.525570059415849,2.1370010527088468,2,4.56677348824996,17,14.09061649441719,results/grid_searches/grid_gru_s2v_raw_autoLargest_L30_h10_thr10/checkpoints/trial_201_a2786658f4.pt,cuda:1,
trial_202_c14bab359a,complete,gru_s2v,raw,128,2,0.0005,0.0,0.0,1.503839000626644,2.09359860587261,1,4.383155197433279,16,12.849832817912102,results/grid_searches/grid_gru_s2v_raw_autoLargest_L30_h10_thr10/checkpoints/trial_202_c14bab359a.pt,cuda:0,
trial_203_5152f5d6e6,complete,gru_s2v,raw,128,2,0.0005,1e-05,0.0,1.5036013079868464,2.0932747493052393,1,4.381799221340614,16,12.764208666980267,results/grid_searches/grid_gru_s2v_raw_autoLargest_L30_h10_thr10/checkpoints/trial_203_5152f5d6e6.pt,cuda:2,
trial_204_7873b9097d,complete,gru_s2v,raw,128,2,0.0005,0.0001,0.0,1.501433640557188,2.089563590419014,1,4.366276136531106,16,13.148204445838928,results/grid_searches/grid_gru_s2v_raw_autoLargest_L30_h10_thr10/checkpoints/trial_204_7873b9097d.pt,cuda:1,
trial_205_4ceb26586c,complete,gru_s2v,raw,128,2,0.001,0.0,0.0,1.6833738239322895,2.4476190679050767,1,5.990839108937903,16,13.144549690186977,results/grid_searches/grid_gru_s2v_raw_autoLargest_L30_h10_thr10/checkpoints/trial_205_4ceb26586c.pt,cuda:0,
trial_206_345d7a1527,complete,gru_s2v,raw,128,2,0.001,1e-05,0.0,1.442578099785915,2.291950102533342,12,5.253035403203361,27,22.404095865786076,results/grid_searches/grid_gru_s2v_raw_autoLargest_L30_h10_thr10/checkpoints/trial_206_345d7a1527.pt,cuda:2,
trial_207_99930f63f9,complete,gru_s2v,raw,128,2,0.001,0.0001,0.0,1.4541613269521843,2.1571597025346576,33,4.653338062008725,48,42.23049256578088,results/grid_searches/grid_gru_s2v_raw_autoLargest_L30_h10_thr10/checkpoints/trial_207_99930f63f9.pt,cuda:1,
trial_208_0c1147519d,complete,gru_s2v,raw,128,2,0.003,0.0,0.0,1.5050887549913758,2.1533607322810524,9,4.636962488633168,24,20.594489611685276,results/grid_searches/grid_gru_s2v_raw_autoLargest_L30_h10_thr10/checkpoints/trial_208_0c1147519d.pt,cuda:0,
trial_209_20c65feb84,complete,gru_s2v,raw,128,2,0.003,1e-05,0.0,1.4446382293972788,2.095941243312247,8,4.3929697392862055,23,20.704659063369036,results/grid_searches/grid_gru_s2v_raw_autoLargest_L30_h10_thr10/checkpoints/trial_209_20c65feb84.pt,cuda:2,
trial_210_88c981fc5d,complete,gru_s2v,raw,128,2,0.003,0.0001,0.0,1.414918506802826,2.07934253764786,27,4.323665446269361,42,36.669929061084986,results/grid_searches/grid_gru_s2v_raw_autoLargest_L30_h10_thr10/checkpoints/trial_210_88c981fc5d.pt,cuda:0,
trial_211_932def8400,complete,gru_s2v,raw,128,3,0.0001,0.0,0.0,1.4705590175837278,2.063080528137068,5,4.25630140757259,20,18.62891774997115,results/grid_searches/grid_gru_s2v_raw_autoLargest_L30_h10_thr10/checkpoints/trial_211_932def8400.pt,cuda:2,
trial_212_530d89cda7,complete,gru_s2v,raw,128,3,0.0001,1e-05,0.0,1.4706829861457211,2.0625775165646796,5,4.25422615642789,20,18.961922846734524,results/grid_searches/grid_gru_s2v_raw_autoLargest_L30_h10_thr10/checkpoints/trial_212_530d89cda7.pt,cuda:1,
trial_213_b08cf4d969,complete,gru_s2v,raw,128,3,0.0001,0.0001,0.0,1.4721331859474318,2.0589016210396736,5,4.2390760026400605,20,19.110671304166317,results/grid_searches/grid_gru_s2v_raw_autoLargest_L30_h10_thr10/checkpoints/trial_213_b08cf4d969.pt,cuda:2,
trial_214_93764c1f32,complete,gru_s2v,raw,128,3,0.0003,0.0,0.0,1.4187303338369615,2.1426792253707254,2,4.591074320636218,17,16.1303586140275,results/grid_searches/grid_gru_s2v_raw_autoLargest_L30_h10_thr10/checkpoints/trial_214_93764c1f32.pt,cuda:0,
trial_215_e320463054,complete,gru_s2v,raw,128,3,0.0003,1e-05,0.0,1.4186789938703745,2.140574208669827,2,4.582058022897455,17,16.414900492876768,results/grid_searches/grid_gru_s2v_raw_autoLargest_L30_h10_thr10/checkpoints/trial_215_e320463054.pt,cuda:1,
trial_216_c54b1a2b05,complete,gru_s2v,raw,128,3,0.0003,0.0001,0.0,1.4192066433884298,2.119942640296106,2,4.494157036346725,17,16.262230928987265,results/grid_searches/grid_gru_s2v_raw_autoLargest_L30_h10_thr10/checkpoints/trial_216_c54b1a2b05.pt,cuda:2,
trial_217_3b07151ee8,complete,gru_s2v,raw,128,3,0.0005,0.0,0.0,1.5253149829305048,2.1072556416686186,1,4.4405263936972315,16,15.12524913623929,results/grid_searches/grid_gru_s2v_raw_autoLargest_L30_h10_thr10/checkpoints/trial_217_3b07151ee8.pt,cuda:0,
trial_218_bd0b0b074f,complete,gru_s2v,raw,128,3,0.0005,1e-05,0.0,1.52547828287735,2.106732678816541,1,4.438322628600688,16,15.398144032806158,results/grid_searches/grid_gru_s2v_raw_autoLargest_L30_h10_thr10/checkpoints/trial_218_bd0b0b074f.pt,cuda:1,
trial_219_db20eb16ed,complete,gru_s2v,raw,128,3,0.0005,0.0001,0.0,1.524229358179094,2.101660361757704,1,4.416976273210743,16,15.726637963205576,results/grid_searches/grid_gru_s2v_raw_autoLargest_L30_h10_thr10/checkpoints/trial_219_db20eb16ed.pt,cuda:2,
trial_220_42743d7f81,complete,gru_s2v,raw,128,3,0.001,0.0,0.0,1.4131688619574791,2.159215903938642,22,4.662213428714607,37,36.02977678179741,results/grid_searches/grid_gru_s2v_raw_autoLargest_L30_h10_thr10/checkpoints/trial_220_42743d7f81.pt,cuda:0,
trial_221_889a8ac90c,complete,gru_s2v,raw,128,3,0.001,1e-05,0.0,1.3988422972199661,2.0788059738466176,22,4.321434340295912,37,35.62888790294528,results/grid_searches/grid_gru_s2v_raw_autoLargest_L30_h10_thr10/checkpoints/trial_221_889a8ac90c.pt,cuda:1,
trial_222_86e61087fe,complete,gru_s2v,raw,128,3,0.001,0.0001,0.0,1.4224273236237372,2.148791320825958,22,4.617304160323324,37,36.46434010192752,results/grid_searches/grid_gru_s2v_raw_autoLargest_L30_h10_thr10/checkpoints/trial_222_86e61087fe.pt,cuda:2,
trial_223_f72ae8f154,complete,gru_s2v,raw,128,3,0.003,0.0,0.0,1.4407321881804662,2.166636914783093,1,4.694315576553345,16,14.834413453936577,results/grid_searches/grid_gru_s2v_raw_autoLargest_L30_h10_thr10/checkpoints/trial_223_f72ae8f154.pt,cuda:0,
trial_224_018a23ce4b,complete,gru_s2v,raw,128,3,0.003,1e-05,0.0,1.5822311747385354,2.2615955027359074,1,5.114814321904243,16,15.979468949139118,results/grid_searches/grid_gru_s2v_raw_autoLargest_L30_h10_thr10/checkpoints/trial_224_018a23ce4b.pt,cuda:1,
trial_225_efeca3af31,complete,gru_s2v,raw,128,3,0.003,0.0001,0.0,1.4254478160046702,2.1811455803016533,22,4.757396034651165,37,37.16043747961521,results/grid_searches/grid_gru_s2v_raw_autoLargest_L30_h10_thr10/checkpoints/trial_225_efeca3af31.pt,cuda:2,
