architecture,variant,horizon_step,mae,rmse
gru_s2v,context_standard,1,0.892196310672296,2.5507721918722677
gru_s2v,context_standard,2,1.0755279468576806,3.209796061842581
gru_s2v,context_standard,3,1.2140090512504746,3.792531537113393
gru_s2v,context_standard,4,1.4113097516741242,4.402042259495606
gru_s2v,context_standard,5,1.5793641638128628,4.8833031106741345
gru_s2v,context_standard,6,1.7179380053544284,5.304127462015235
gru_s2v,context_standard,7,1.8624297274465236,5.733674615904738
gru_s2v,context_standard,8,2.020659187380303,6.124364746299611
gru_s2v,context_standard,9,2.1493072624943115,6.506076963154129
gru_s2v,context_standard,10,2.2349941824928306,6.810767271779407
