event_id,dataset_id,dataset_name,event_timestamp,window_start,window_end,actual_start_time,actual_end_time,num_samples,expected_samples_approx,coverage_ratio,pre_event_coverage_minutes,post_event_coverage_minutes,median_dt_seconds,mean_dt_seconds,max_dt_seconds,num_gaps_above_60s,num_gaps_above_90s,num_gaps_above_300s,num_missing_signal,num_duplicate_timestamps,num_points_at_or_above_threshold,num_points_below_threshold,pct_points_at_or_above_threshold,max_signal,mean_signal,std_signal,num_imputed_points,max_consecutive_imputed_points,quality_flag,quality_reason
dataset_008_event_00001,dataset_008,uplink_beacon_data_fucino_GX4.csv,2020-08-01 15:45:33,2020-08-01 14:15:33,2020-08-01 17:15:33,2020-08-01 14:15:34,2020-08-01 17:15:32,355,361,0.9833795013850416,89.98333333333333,89.98333333333333,31.0,30.502824858757062,31.0,0,0,0,0,0,36,319,10.140845070422536,34.1,4.878028169014085,6.045348545679752,0,0,usable,none
dataset_008_event_00002,dataset_008,uplink_beacon_data_fucino_GX4.csv,2020-08-02 12:27:00,2020-08-02 10:57:00,2020-08-02 13:57:00,2020-08-02 10:57:01,2020-08-02 13:56:59,355,361,0.9833795013850416,89.98333333333333,89.98333333333333,31.0,30.502824858757062,31.0,0,0,0,0,0,7,348,1.971830985915493,11.9,2.611267605633803,1.5737562837410082,0,0,usable,none
dataset_008_event_00003,dataset_008,uplink_beacon_data_fucino_GX4.csv,2020-08-04 22:11:04,2020-08-04 20:41:04,2020-08-04 23:41:04,2020-08-04 20:41:05,2020-08-04 23:41:03,355,361,0.9833795013850416,89.98333333333333,89.98333333333333,31.0,30.502824858757062,31.0,0,0,0,0,0,71,284,20.0,42.0,6.043661971830986,9.100461470796928,0,0,usable,none
dataset_008_event_00004,dataset_008,uplink_beacon_data_fucino_GX4.csv,2020-08-31 00:27:37,2020-08-30 22:57:37,2020-08-31 01:57:37,2020-08-30 22:57:38,2020-08-31 01:57:36,355,361,0.9833795013850416,89.98333333333333,89.98333333333333,31.0,30.502824858757062,31.0,0,0,0,0,0,41,314,11.549295774647888,35.1,5.126478873239437,6.07146495659698,0,0,usable,none
dataset_008_event_00005,dataset_008,uplink_beacon_data_fucino_GX4.csv,2020-08-31 03:59:37,2020-08-31 02:29:37,2020-08-31 05:29:37,2020-08-31 02:29:38,2020-08-31 05:29:36,355,361,0.9833795013850416,89.98333333333333,89.98333333333333,31.0,30.502824858757062,31.0,0,0,0,0,0,5,350,1.4084507042253522,12.6,4.328169014084507,2.2769778202592175,0,0,usable,none
dataset_008_event_00006,dataset_008,uplink_beacon_data_fucino_GX4.csv,2020-08-31 07:37:12,2020-08-31 06:07:12,2020-08-31 09:07:12,2020-08-31 06:07:13,2020-08-31 09:07:11,355,361,0.9833795013850416,89.98333333333333,89.98333333333333,31.0,30.502824858757062,31.0,0,0,0,0,0,23,332,6.478873239436619,69.0,4.8180281690140845,9.682870398376023,0,0,usable,none
dataset_008_event_00007,dataset_008,uplink_beacon_data_fucino_GX4.csv,2020-08-31 10:37:40,2020-08-31 09:07:40,2020-08-31 12:07:40,2020-08-31 09:07:41,2020-08-31 12:07:39,355,361,0.9833795013850416,89.98333333333333,89.98333333333333,31.0,30.502824858757062,31.0,0,0,0,0,0,170,185,47.88732394366197,42.5,10.360281690140845,6.870133094342921,0,0,usable,none
dataset_008_event_00008,dataset_008,uplink_beacon_data_fucino_GX4.csv,2020-09-10 08:46:04,2020-09-10 07:16:04,2020-09-10 10:16:04,2020-09-10 07:16:05,2020-09-10 10:16:03,355,361,0.9833795013850416,89.98333333333333,89.98333333333333,31.0,30.502824858757062,31.0,0,0,0,0,0,22,333,6.197183098591549,15.2,5.267605633802817,2.792684887985752,0,0,usable,none
dataset_008_event_00009,dataset_008,uplink_beacon_data_fucino_GX4.csv,2020-09-24 19:23:11,2020-09-24 17:53:11,2020-09-24 20:53:11,2020-09-24 17:53:12,2020-09-24 20:53:10,355,361,0.9833795013850416,89.98333333333333,89.98333333333333,31.0,30.502824858757062,31.0,0,0,0,0,0,32,323,9.014084507042254,34.5,3.009295774647888,6.393768886667083,0,0,usable,none
dataset_008_event_00010,dataset_008,uplink_beacon_data_fucino_GX4.csv,2020-09-25 05:30:11,2020-09-25 04:00:11,2020-09-25 07:00:11,2020-09-25 04:00:12,2020-09-25 07:00:10,355,361,0.9833795013850416,89.98333333333333,89.98333333333333,31.0,30.502824858757062,31.0,0,0,0,0,0,29,326,8.169014084507042,29.2,2.513239436619718,4.963837525466695,0,0,usable,none
dataset_008_event_00011,dataset_008,uplink_beacon_data_fucino_GX4.csv,2020-09-25 16:26:00,2020-09-25 14:56:00,2020-09-25 17:56:00,2020-09-25 14:56:01,2020-09-25 17:55:59,355,361,0.9833795013850416,89.98333333333333,89.98333333333333,31.0,30.502824858757062,31.0,0,0,0,0,0,10,345,2.8169014084507045,16.8,1.1535211267605632,2.942664488147882,0,0,usable,none
dataset_008_event_00012,dataset_008,uplink_beacon_data_fucino_GX4.csv,2020-09-27 05:38:16,2020-09-27 04:08:16,2020-09-27 07:08:16,2020-09-27 04:08:17,2020-09-27 07:08:15,355,361,0.9833795013850416,89.98333333333333,89.98333333333333,31.0,30.502824858757062,31.0,0,0,0,0,0,19,336,5.352112676056338,13.8,5.043943661971832,2.7230313361828964,0,0,usable,none
dataset_008_event_00013,dataset_008,uplink_beacon_data_fucino_GX4.csv,2020-10-03 14:41:03,2020-10-03 13:11:03,2020-10-03 16:11:03,2020-10-03 13:11:04,2020-10-03 16:11:02,355,361,0.9833795013850416,89.98333333333333,89.98333333333333,31.0,30.502824858757062,31.0,0,0,0,0,0,56,299,15.774647887323944,28.9,6.2501408450704234,4.798930993530913,0,0,usable,none
dataset_008_event_00014,dataset_008,uplink_beacon_data_fucino_GX4.csv,2020-10-05 00:10:09,2020-10-04 22:40:09,2020-10-05 01:40:09,2020-10-04 22:40:10,2020-10-05 01:40:08,355,361,0.9833795013850416,89.98333333333333,89.98333333333333,31.0,30.502824858757062,31.0,0,0,0,0,0,5,350,1.4084507042253522,11.5,3.718591549295774,2.3046240031670204,0,0,usable,none
dataset_008_event_00015,dataset_008,uplink_beacon_data_fucino_GX4.csv,2020-10-06 23:53:50,2020-10-06 22:23:50,2020-10-07 01:23:50,2020-10-06 22:23:51,2020-10-07 01:23:49,355,361,0.9833795013850416,89.98333333333333,89.98333333333333,31.0,30.502824858757062,31.0,0,0,0,0,0,37,318,10.422535211267606,17.7,5.526760563380281,3.4470472808814865,0,0,usable,none
dataset_008_event_00016,dataset_008,uplink_beacon_data_fucino_GX4.csv,2020-10-07 04:52:45,2020-10-07 03:22:45,2020-10-07 06:22:45,2020-10-07 03:22:46,2020-10-07 06:22:44,355,361,0.9833795013850416,89.98333333333333,89.98333333333333,31.0,30.502824858757062,31.0,0,0,0,0,0,62,293,17.464788732394364,36.3,6.99830985915493,6.425368811748703,0,0,usable,none
dataset_008_event_00017,dataset_008,uplink_beacon_data_fucino_GX4.csv,2020-10-11 00:38:58,2020-10-10 23:08:58,2020-10-11 02:08:58,2020-10-10 23:08:59,2020-10-11 02:08:57,355,361,0.9833795013850416,89.98333333333333,89.98333333333333,31.0,30.502824858757062,31.0,0,0,0,0,0,1,354,0.28169014084507044,10.2,3.4707042253521125,2.2178623366822436,0,0,usable,none
dataset_008_event_00018,dataset_008,uplink_beacon_data_fucino_GX4.csv,2020-10-11 03:41:59,2020-10-11 02:11:59,2020-10-11 05:11:59,2020-10-11 02:12:00,2020-10-11 05:11:58,355,361,0.9833795013850416,89.98333333333333,89.98333333333333,31.0,30.502824858757062,31.0,0,0,0,0,0,2,353,0.5633802816901409,10.9,2.7653521126760565,1.88708353506722,0,0,usable,none
dataset_008_event_00019,dataset_008,uplink_beacon_data_fucino_GX4.csv,2020-10-11 08:34:48,2020-10-11 07:04:48,2020-10-11 10:04:48,2020-10-11 07:04:49,2020-10-11 10:04:47,355,361,0.9833795013850416,89.98333333333333,89.98333333333333,31.0,30.502824858757062,31.0,0,0,0,0,0,24,331,6.760563380281689,12.8,5.925352112676056,2.6171057411599157,0,0,usable,none
dataset_008_event_00020,dataset_008,uplink_beacon_data_fucino_GX4.csv,2020-10-15 00:46:29,2020-10-14 23:16:29,2020-10-15 02:16:29,2020-10-14 23:16:30,2020-10-15 02:16:28,355,361,0.9833795013850416,89.98333333333333,89.98333333333333,31.0,30.502824858757062,31.0,0,0,0,0,0,31,324,8.732394366197182,26.8,4.217183098591549,4.233290576466288,0,0,usable,none
dataset_008_event_00021,dataset_008,uplink_beacon_data_fucino_GX4.csv,2020-10-24 05:37:47,2020-10-24 04:07:47,2020-10-24 07:07:47,2020-10-24 04:07:49,2020-10-24 07:07:46,355,361,0.9833795013850416,89.96666666666667,89.98333333333333,30.5,30.5,31.0,0,0,0,0,0,2,353,0.5633802816901409,10.4,3.8225352112676054,2.2787520858294172,0,0,usable,none
dataset_008_event_00022,dataset_008,uplink_beacon_data_fucino_GX4.csv,2020-10-24 09:21:29,2020-10-24 07:51:29,2020-10-24 10:51:29,2020-10-24 07:51:30,2020-10-24 10:51:27,355,361,0.9833795013850416,89.98333333333333,89.96666666666667,30.5,30.5,31.0,0,0,0,0,0,2,353,0.5633802816901409,10.7,4.480845070422536,1.915598877074719,0,0,usable,none
dataset_008_event_00023,dataset_008,uplink_beacon_data_fucino_GX4.csv,2020-10-24 15:26:29,2020-10-24 13:56:29,2020-10-24 16:56:29,2020-10-24 13:56:30,2020-10-24 16:56:28,355,361,0.9833795013850416,89.98333333333333,89.98333333333333,31.0,30.502824858757062,31.0,0,0,0,0,0,8,347,2.2535211267605635,14.8,2.7980281690140845,2.1274693991693523,0,0,usable,none
dataset_008_event_00024,dataset_008,uplink_beacon_data_fucino_GX4.csv,2020-11-16 20:43:51,2020-11-16 19:13:51,2020-11-16 22:13:51,2020-11-16 19:13:52,2020-11-16 22:13:50,355,361,0.9833795013850416,89.98333333333333,89.98333333333333,31.0,30.502824858757062,31.0,0,0,0,0,0,2,353,0.5633802816901409,10.4,4.55774647887324,2.4716278158006033,0,0,usable,none
dataset_008_event_00025,dataset_008,uplink_beacon_data_fucino_GX4.csv,2020-11-17 02:06:10,2020-11-17 00:36:10,2020-11-17 03:36:10,2020-11-17 00:36:11,2020-11-17 03:36:09,355,361,0.9833795013850416,89.98333333333333,89.98333333333333,31.0,30.502824858757062,31.0,0,0,0,0,0,5,350,1.4084507042253522,12.6,4.730985915492957,1.7771137290606236,0,0,usable,none
dataset_008_event_00026,dataset_008,uplink_beacon_data_fucino_GX4.csv,2020-12-01 22:13:41,2020-12-01 20:43:41,2020-12-01 23:43:41,2020-12-01 20:43:42,2020-12-01 23:43:40,355,361,0.9833795013850416,89.98333333333333,89.98333333333333,31.0,30.502824858757062,31.0,0,0,0,0,0,30,325,8.450704225352112,13.1,4.114929577464789,3.5929980844887255,0,0,usable,none
dataset_008_event_00027,dataset_008,uplink_beacon_data_fucino_GX4.csv,2020-12-05 16:16:11,2020-12-05 14:46:11,2020-12-05 17:46:11,2020-12-05 14:46:12,2020-12-05 17:46:10,355,361,0.9833795013850416,89.98333333333333,89.98333333333333,31.0,30.502824858757062,31.0,0,0,0,0,0,11,344,3.0985915492957745,16.2,4.4143661971830985,2.9020335420322296,0,0,usable,none
dataset_008_event_00028,dataset_008,uplink_beacon_data_fucino_GX4.csv,2020-12-05 19:20:44,2020-12-05 17:50:44,2020-12-05 20:50:44,2020-12-05 17:50:45,2020-12-05 20:50:43,355,361,0.9833795013850416,89.98333333333333,89.98333333333333,31.0,30.502824858757062,31.0,0,0,0,0,0,32,323,9.014084507042254,17.2,6.09661971830986,2.9633714688378094,0,0,usable,none
dataset_008_event_00029,dataset_008,uplink_beacon_data_fucino_GX4.csv,2020-12-05 22:21:12,2020-12-05 20:51:12,2020-12-05 23:51:12,2020-12-05 20:51:13,2020-12-05 23:51:11,355,361,0.9833795013850416,89.98333333333333,89.98333333333333,31.0,30.502824858757062,31.0,0,0,0,0,0,114,241,32.11267605633803,15.3,7.369295774647887,4.150854286839676,0,0,usable,none
dataset_008_event_00030,dataset_008,uplink_beacon_data_fucino_GX4.csv,2020-12-07 23:51:38,2020-12-07 22:21:38,2020-12-08 01:21:38,2020-12-07 22:21:39,2020-12-08 01:21:37,355,361,0.9833795013850416,89.98333333333333,89.98333333333333,31.0,30.502824858757062,31.0,0,0,0,0,0,47,308,13.239436619718308,15.5,6.119718309859155,3.2337127617509966,0,0,usable,none
dataset_008_event_00031,dataset_008,uplink_beacon_data_fucino_GX4.csv,2020-12-28 09:27:35,2020-12-28 07:57:35,2020-12-28 10:57:35,2020-12-28 07:57:36,2020-12-28 10:57:34,355,361,0.9833795013850416,89.98333333333333,89.98333333333333,31.0,30.502824858757062,31.0,0,0,0,0,0,140,215,39.436619718309856,63.6,22.465070422535213,25.849242788702032,0,0,usable,none
dataset_008_event_00032,dataset_008,uplink_beacon_data_fucino_GX4.csv,2020-12-28 13:36:42,2020-12-28 12:06:42,2020-12-28 15:06:42,2020-12-28 12:06:43,2020-12-28 15:06:41,355,361,0.9833795013850416,89.98333333333333,89.98333333333333,31.0,30.502824858757062,31.0,0,0,0,0,0,27,328,7.605633802816901,17.6,4.688169014084507,3.0299122275978165,0,0,usable,none
dataset_008_event_00033,dataset_008,uplink_beacon_data_fucino_GX4.csv,2021-01-02 09:07:22,2021-01-02 07:37:22,2021-01-02 10:37:22,2021-01-02 07:37:23,2021-01-02 10:37:21,355,361,0.9833795013850416,89.98333333333333,89.98333333333333,31.0,30.502824858757062,31.0,0,0,0,0,0,4,351,1.1267605633802817,10.5,1.6166197183098587,1.71318577234652,0,0,usable,none
dataset_008_event_00034,dataset_008,uplink_beacon_data_fucino_GX4.csv,2021-01-03 18:48:40,2021-01-03 17:18:40,2021-01-03 20:18:40,2021-01-03 17:18:41,2021-01-03 20:18:39,355,361,0.9833795013850416,89.98333333333333,89.98333333333333,31.0,30.502824858757062,31.0,0,0,0,0,0,2,353,0.5633802816901409,10.7,2.6016901408450703,2.457146262806394,0,0,usable,none
dataset_007_event_00001,dataset_007,fc-uplink-fade.csv,2020-08-01 16:09:10,2020-08-01 14:39:10,2020-08-01 17:39:10,2020-08-01 14:39:10,2020-08-01 17:39:09,361,361,1.0,90.0,89.98333333333333,30.0,29.997222222222224,35.0,0,0,0,0,0,36,325,9.97229916897507,34.1,4.83213296398892,6.005323392535837,0,0,usable,none
dataset_007_event_00002,dataset_007,fc-uplink-fade.csv,2020-08-02 12:30:11,2020-08-02 11:00:11,2020-08-02 14:00:11,2020-08-02 11:00:11,2020-08-02 14:00:11,361,361,1.0,90.0,90.0,30.0,30.0,35.0,0,0,0,0,0,7,354,1.9390581717451523,11.9,2.6066481994459836,1.5612530974271648,0,0,usable,none
dataset_007_event_00003,dataset_007,fc-uplink-fade.csv,2020-08-04 21:17:16,2020-08-04 19:47:16,2020-08-04 22:47:16,2020-08-04 19:47:43,2020-08-04 22:47:16,360,361,0.997229916897507,89.55,90.0,31.0,30.008356545961004,34.0,0,0,0,0,0,71,289,19.72222222222222,42.0,5.979722222222222,9.053118081513876,0,0,usable,none
dataset_007_event_00004,dataset_007,fc-uplink-fade.csv,2020-08-31 03:18:11,2020-08-31 01:48:11,2020-08-31 04:48:11,2020-08-31 01:48:11,2020-08-31 04:48:11,361,361,1.0,90.0,90.0,30.0,30.0,32.0,0,0,0,0,0,41,320,11.357340720221606,35.1,5.090581717451523,6.028402215494246,0,0,usable,none
dataset_007_event_00005,dataset_007,fc-uplink-fade.csv,2020-08-31 06:46:42,2020-08-31 05:16:42,2020-08-31 08:16:42,2020-08-31 05:16:42,2020-08-31 08:16:42,361,361,1.0,90.0,90.0,30.0,30.0,32.0,0,0,0,0,0,5,356,1.3850415512465373,12.6,4.286703601108033,2.281140173785736,0,0,usable,none
dataset_007_event_00006,dataset_007,fc-uplink-fade.csv,2020-08-31 10:20:42,2020-08-31 08:50:42,2020-08-31 11:50:42,2020-08-31 08:50:42,2020-08-31 11:50:42,361,361,1.0,90.0,90.0,30.0,30.0,32.0,0,0,0,0,0,23,338,6.3711911357340725,69.0,4.771191135734072,9.608746072056153,0,0,usable,none
dataset_007_event_00007,dataset_007,fc-uplink-fade.csv,2020-08-31 13:21:12,2020-08-31 11:51:12,2020-08-31 14:51:12,2020-08-31 11:51:12,2020-08-31 14:44:43,348,361,0.96398891966759,90.0,83.51666666666667,30.0,30.002881844380404,32.0,0,0,0,0,0,170,178,48.85057471264368,42.5,10.537931034482758,6.8218498151256,0,0,usable,none
dataset_007_event_00008,dataset_007,fc-uplink-fade.csv,2020-09-10 14:14:16,2020-09-10 12:44:16,2020-09-10 15:44:16,2020-09-10 12:46:04,2020-09-10 15:44:09,317,361,0.850415512465374,88.2,89.88333333333334,30.0,33.813291139240505,501.0,5,5,2,51,0,22,295,6.940063091482649,15.2,5.707589769207358,2.6685349180719755,10,1,unusable,large_temporal_gap;missing_run_above_warning_limit
dataset_007_event_00009,dataset_007,fc-uplink-fade.csv,2020-09-25 03:24:52,2020-09-25 01:54:52,2020-09-25 04:54:52,2020-09-25 01:55:17,2020-09-25 04:54:48,360,361,0.997229916897507,89.58333333333333,89.93333333333334,30.0,30.002785515320333,35.0,0,0,0,0,0,32,328,8.88888888888889,34.5,2.9811111111111113,6.3541251829018615,0,0,usable,none
dataset_007_event_00010,dataset_007,fc-uplink-fade.csv,2020-09-25 13:21:49,2020-09-25 11:51:49,2020-09-25 14:51:49,2020-09-25 11:51:49,2020-09-25 14:51:18,360,361,0.997229916897507,90.0,89.48333333333333,30.0,29.997214484679667,32.0,0,0,0,0,0,29,331,8.055555555555555,29.2,2.4961111111111114,4.933353754129735,0,0,usable,none
dataset_007_event_00011,dataset_007,fc-uplink-fade.csv,2020-09-26 00:06:51,2020-09-25 22:36:51,2020-09-26 01:36:51,2020-09-25 22:36:51,2020-09-26 01:36:18,360,361,0.997229916897507,90.0,89.45,32.0,29.991643454038996,40.0,0,0,0,0,0,10,350,2.7777777777777777,16.8,1.1266666666666665,2.931409008373492,0,0,usable,none
dataset_007_event_00012,dataset_007,fc-uplink-fade.csv,2020-09-27 12:42:20,2020-09-27 11:12:20,2020-09-27 14:12:20,2020-09-27 11:12:20,2020-09-27 14:12:20,361,361,1.0,90.0,90.0,32.0,30.0,42.0,0,0,0,0,0,19,342,5.263157894736842,13.8,5.009695290858726,2.7208026116090953,0,0,usable,none
dataset_007_event_00013,dataset_007,fc-uplink-fade.csv,2020-10-03 20:42:56,2020-10-03 19:12:56,2020-10-03 22:12:56,2020-10-03 19:12:56,2020-10-03 22:12:56,361,361,1.0,90.0,90.0,30.0,30.0,34.0,0,0,0,0,0,56,305,15.512465373961218,28.9,6.2110803324099715,4.769112332578359,0,0,usable,none
dataset_007_event_00014,dataset_007,fc-uplink-fade.csv,2020-10-05 05:38:59,2020-10-05 04:08:59,2020-10-05 07:08:59,2020-10-05 04:08:59,2020-10-05 07:08:59,361,361,1.0,90.0,90.0,30.0,30.0,36.0,0,0,0,0,0,5,356,1.3850415512465373,11.5,3.6950138504155126,2.2927730813548495,0,0,usable,none
dataset_007_event_00015,dataset_007,fc-uplink-fade.csv,2020-10-07 05:05:57,2020-10-07 03:35:57,2020-10-07 06:35:57,2020-10-07 03:35:57,2020-10-07 06:35:57,361,361,1.0,90.0,90.0,30.0,30.0,31.0,0,0,0,0,0,37,324,10.249307479224377,17.7,5.494182825484764,3.428426017193733,0,0,usable,none
dataset_007_event_00016,dataset_007,fc-uplink-fade.csv,2020-10-07 10:39:42,2020-10-07 09:09:42,2020-10-07 12:09:42,2020-10-07 09:09:42,2020-10-07 12:09:42,361,361,1.0,90.0,90.0,30.0,30.0,32.0,0,0,0,0,0,62,299,17.174515235457065,36.3,6.959002770083102,6.385076620308837,0,0,usable,none
dataset_007_event_00017,dataset_007,fc-uplink-fade.csv,2020-10-11 04:55:18,2020-10-11 03:25:18,2020-10-11 06:25:18,2020-10-11 03:25:18,2020-10-11 06:25:18,361,361,1.0,90.0,90.0,30.0,30.0,33.0,0,0,0,0,0,1,360,0.2770083102493075,10.2,3.4396121883656505,2.212755663638022,0,0,usable,none
dataset_007_event_00018,dataset_007,fc-uplink-fade.csv,2020-10-11 07:55:46,2020-10-11 06:25:46,2020-10-11 09:25:46,2020-10-11 06:25:46,2020-10-11 09:25:46,361,361,1.0,90.0,90.0,29.5,30.0,33.0,0,0,0,0,0,2,359,0.554016620498615,10.9,2.771745152354571,1.8739380700620347,0,0,usable,none
dataset_007_event_00019,dataset_007,fc-uplink-fade.csv,2020-10-11 12:43:20,2020-10-11 11:13:20,2020-10-11 14:13:20,2020-10-11 11:13:46,2020-10-11 14:13:19,360,361,0.997229916897507,89.56666666666666,89.98333333333333,32.0,30.008356545961004,34.0,0,0,0,0,0,24,336,6.666666666666667,12.8,5.927222222222222,2.6080618649538976,0,0,usable,none
dataset_007_event_00020,dataset_007,fc-uplink-fade.csv,2020-10-15 03:33:24,2020-10-15 02:03:24,2020-10-15 05:03:24,2020-10-15 02:03:24,2020-10-15 05:03:24,361,361,1.0,90.0,90.0,30.0,30.0,33.0,0,0,0,0,0,31,330,8.587257617728532,26.8,4.227700831024931,4.207797983007842,0,0,usable,none
dataset_007_event_00021,dataset_007,fc-uplink-fade.csv,2020-10-24 04:46:35,2020-10-24 03:16:35,2020-10-24 06:16:35,2020-10-24 03:16:35,2020-10-24 06:16:35,361,361,1.0,90.0,90.0,30.0,30.0,35.0,0,0,0,0,0,2,359,0.554016620498615,10.4,3.797506925207756,2.2688272522707305,0,0,usable,none
dataset_007_event_00022,dataset_007,fc-uplink-fade.csv,2020-10-24 08:26:35,2020-10-24 06:56:35,2020-10-24 09:56:35,2020-10-24 06:56:35,2020-10-24 09:56:35,361,361,1.0,90.0,90.0,30.0,30.0,35.0,0,0,0,0,0,2,359,0.554016620498615,10.7,4.4398891966759,1.92761049227035,0,0,usable,none
dataset_007_event_00023,dataset_007,fc-uplink-fade.csv,2020-10-24 14:25:36,2020-10-24 12:55:36,2020-10-24 15:55:36,2020-10-24 12:55:36,2020-10-24 15:55:36,361,361,1.0,90.0,90.0,30.0,30.0,35.0,0,0,0,0,0,8,353,2.21606648199446,14.8,2.7750692520775626,2.117713404744672,0,0,usable,none
dataset_007_event_00024,dataset_007,fc-uplink-fade.csv,2020-11-16 16:27:02,2020-11-16 14:57:02,2020-11-16 17:57:02,2020-11-16 14:57:27,2020-11-16 17:57:02,360,361,0.997229916897507,89.58333333333333,90.0,31.0,30.01392757660167,37.0,0,0,0,0,0,2,358,0.5555555555555556,10.4,4.5875,2.4802808662503253,0,0,usable,none
dataset_007_event_00025,dataset_007,fc-uplink-fade.csv,2020-11-16 21:44:02,2020-11-16 20:14:02,2020-11-16 23:14:02,2020-11-16 20:14:02,2020-11-16 23:13:28,360,361,0.997229916897507,90.0,89.43333333333334,27.0,29.988857938718663,39.0,0,0,0,0,0,5,355,1.3888888888888888,12.6,4.735833333333334,1.769666847768002,0,0,usable,none
dataset_006_event_00001,dataset_006,fc-downlink-fade.csv,2020-08-01 16:09:36,2020-08-01 14:39:36,2020-08-01 17:39:36,2020-08-01 14:39:36,2020-08-01 17:39:36,361,361,1.0,90.0,90.0,30.0,30.0,35.0,0,0,0,0,0,16,345,4.43213296398892,17.1,2.4393351800554015,3.004562013026198,0,0,usable,none
dataset_006_event_00002,dataset_006,fc-downlink-fade.csv,2020-08-04 21:21:43,2020-08-04 19:51:43,2020-08-04 22:51:43,2020-08-04 19:51:43,2020-08-04 22:51:43,361,361,1.0,90.0,90.0,30.0,30.0,34.0,0,0,0,0,0,30,331,8.310249307479225,21.0,3.005263157894737,4.524310874474574,0,0,usable,none
dataset_006_event_00003,dataset_006,fc-downlink-fade.csv,2020-08-31 03:24:42,2020-08-31 01:54:42,2020-08-31 04:54:42,2020-08-31 01:54:42,2020-08-31 04:54:42,361,361,1.0,90.0,90.0,30.0,30.0,32.0,0,0,0,0,0,20,341,5.540166204986149,17.6,2.592797783933518,3.003406063787425,0,0,usable,none
dataset_006_event_00004,dataset_006,fc-downlink-fade.csv,2020-08-31 11:27:12,2020-08-31 09:57:12,2020-08-31 12:57:12,2020-08-31 09:57:12,2020-08-31 12:57:12,361,361,1.0,90.0,90.0,30.0,30.0,32.0,0,0,0,0,0,20,341,5.540166204986149,34.5,3.1850415512465373,5.1726737187886185,0,0,usable,none
dataset_006_event_00005,dataset_006,fc-downlink-fade.csv,2020-08-31 14:38:12,2020-08-31 13:08:12,2020-08-31 16:08:12,2020-08-31 13:08:12,2020-08-31 16:07:43,360,361,0.997229916897507,90.0,89.51666666666667,30.0,30.002785515320333,32.0,0,0,0,0,0,25,335,6.944444444444445,14.7,5.007777777777777,3.115339987447246,0,0,usable,none
dataset_006_event_00006,dataset_006,fc-downlink-fade.csv,2020-09-25 03:27:52,2020-09-25 01:57:52,2020-09-25 04:57:52,2020-09-25 01:58:17,2020-09-25 04:57:48,360,361,0.997229916897507,89.58333333333333,89.93333333333334,30.0,30.002785515320333,35.0,0,0,0,0,0,16,344,4.444444444444445,17.3,1.52,3.1795902050211278,0,0,usable,none
dataset_006_event_00007,dataset_006,fc-downlink-fade.csv,2020-09-25 13:22:49,2020-09-25 11:52:49,2020-09-25 14:52:49,2020-09-25 11:52:49,2020-09-25 14:52:49,361,361,1.0,90.0,90.0,30.0,30.0,32.0,0,0,0,0,0,8,353,2.21606648199446,14.6,1.27590027700831,2.467398727185493,0,0,usable,none
dataset_006_event_00008,dataset_006,fc-downlink-fade.csv,2020-10-03 21:15:29,2020-10-03 19:45:29,2020-10-03 22:45:29,2020-10-03 19:45:29,2020-10-03 22:44:57,360,361,0.997229916897507,90.0,89.46666666666667,28.0,29.99442896935933,35.0,0,0,0,0,0,10,350,2.7777777777777777,14.5,3.2436111111111114,2.3353080747036183,0,0,usable,none
dataset_006_event_00009,dataset_006,fc-downlink-fade.csv,2020-10-07 06:56:57,2020-10-07 05:26:57,2020-10-07 08:26:57,2020-10-07 05:26:57,2020-10-07 06:59:57,187,361,0.518005540166205,90.0,3.0,30.0,30.0,31.0,0,0,0,0,0,5,182,2.6737967914438503,19.2,3.7080213903743315,2.2286236264468697,0,0,unusable,coverage_below_minimum
dataset_006_event_00010,dataset_006,fc-downlink-fade.csv,2020-10-07 11:13:42,2020-10-07 09:43:42,2020-10-07 12:43:42,2020-10-07 09:43:42,2020-10-07 12:43:42,361,361,1.0,90.0,90.0,30.0,30.0,32.0,0,0,0,0,0,26,335,7.202216066481995,18.2,3.7055401662049863,3.1344363837093714,0,0,usable,none
dataset_006_event_00011,dataset_006,fc-downlink-fade.csv,2020-10-15 04:32:51,2020-10-15 03:02:51,2020-10-15 06:02:51,2020-10-15 03:02:51,2020-10-15 06:02:51,361,361,1.0,90.0,90.0,30.0,30.0,33.0,0,0,0,0,0,6,355,1.662049861495845,13.4,2.8252077562326874,2.137574306322656,0,0,usable,none
dataset_005_event_00001,dataset_005,dati_meteo_beacon.csv,2020-08-01 17:27:54,2020-08-01 15:57:54,2020-08-01 18:57:54,2020-08-01 15:58:21,2020-08-01 18:57:27,355,361,0.9833795013850416,89.55,89.55,30.0,30.35593220338983,31.0,0,0,0,0,0,16,339,4.507042253521127,17.1,2.464225352112676,3.023717761566933,0,0,usable,none
dataset_005_event_00002,dataset_005,dati_meteo_beacon.csv,2020-08-04 23:34:57,2020-08-04 22:04:57,2020-08-05 01:04:57,2020-08-04 22:05:24,2020-08-05 01:04:30,355,361,0.9833795013850416,89.55,89.55,30.0,30.35593220338983,31.0,0,0,0,0,0,30,325,8.450704225352112,21.0,3.0428169014084507,4.5530920713162635,0,0,usable,none
dataset_005_event_00003,dataset_005,dati_meteo_beacon.csv,2020-08-31 11:29:37,2020-08-31 09:59:37,2020-08-31 12:59:37,2020-08-31 10:00:04,2020-08-31 12:59:10,355,361,0.9833795013850416,89.55,89.55,30.0,30.35593220338983,31.0,0,0,0,0,0,20,335,5.633802816901409,17.6,2.615211267605634,3.0234665343969738,0,0,usable,none
dataset_005_event_00004,dataset_005,dati_meteo_beacon.csv,2020-08-31 19:37:51,2020-08-31 18:07:51,2020-08-31 21:07:51,2020-08-31 18:08:18,2020-08-31 21:07:24,355,361,0.9833795013850416,89.55,89.55,30.0,30.35593220338983,31.0,0,0,0,0,0,20,335,5.633802816901409,34.5,3.2036619718309858,5.213922376875287,0,0,usable,none
dataset_005_event_00005,dataset_005,dati_meteo_beacon.csv,2020-08-31 22:51:07,2020-08-31 21:21:07,2020-09-01 00:21:07,2020-08-31 21:21:34,2020-09-01 00:20:40,355,361,0.9833795013850416,89.55,89.55,30.0,30.35593220338983,31.0,0,0,0,0,0,25,330,7.042253521126761,14.7,5.036056338028168,3.118977124299216,0,0,usable,none
dataset_005_event_00006,dataset_005,dati_meteo_beacon.csv,2020-09-25 09:44:44,2020-09-25 08:14:44,2020-09-25 11:14:44,2020-09-25 08:15:11,2020-09-25 11:14:17,355,361,0.9833795013850416,89.55,89.55,30.0,30.35593220338983,31.0,0,0,0,0,0,16,339,4.507042253521127,17.3,1.5371830985915493,3.198441173596362,0,0,usable,none
dataset_005_event_00007,dataset_005,dati_meteo_beacon.csv,2020-09-25 19:46:48,2020-09-25 18:16:48,2020-09-25 21:16:48,2020-09-25 18:17:15,2020-09-25 21:16:21,355,361,0.9833795013850416,89.55,89.55,30.0,30.35593220338983,31.0,0,0,0,0,0,8,347,2.2535211267605635,14.6,1.28,2.4844760954628953,0,0,usable,none
dataset_005_event_00008,dataset_005,dati_meteo_beacon.csv,2020-10-04 04:31:47,2020-10-04 03:01:47,2020-10-04 06:01:47,2020-10-04 03:02:14,2020-10-04 06:01:20,355,361,0.9833795013850416,89.55,89.55,30.0,30.35593220338983,31.0,0,0,0,0,0,10,345,2.8169014084507045,14.5,3.2687323943661974,2.341894863668887,0,0,usable,none
dataset_005_event_00009,dataset_005,dati_meteo_beacon.csv,2020-10-07 14:40:41,2020-10-07 13:10:41,2020-10-07 16:10:41,2020-10-07 13:11:07,2020-10-07 16:10:14,355,361,0.9833795013850416,89.56666666666666,89.55,30.0,30.358757062146893,31.0,0,0,0,0,0,5,350,1.4084507042253522,19.2,2.658591549295775,1.9727245318238067,0,0,usable,none
dataset_005_event_00010,dataset_005,dati_meteo_beacon.csv,2020-10-15 12:19:50,2020-10-15 10:49:50,2020-10-15 13:49:50,2020-10-15 10:50:17,2020-10-15 13:49:23,355,361,0.9833795013850416,89.55,89.55,30.0,30.35593220338983,31.0,0,0,0,0,0,6,349,1.6901408450704223,13.4,2.8371830985915496,2.1494639872493555,0,0,usable,none
dataset_005_event_00011,dataset_005,dati_meteo_beacon.csv,2020-12-28 10:42:20,2020-12-28 09:12:20,2020-12-28 12:12:20,2020-12-28 09:12:47,2020-12-28 12:11:53,355,361,0.9833795013850416,89.55,89.55,30.0,30.35593220338983,31.0,0,0,0,0,0,140,215,39.436619718309856,31.8,11.257464788732394,12.923463061786107,0,0,usable,none
dataset_003_event_00001,dataset_003,UPLINK-FADE_Fucino_GX4_AprJun2021.csv,2021-04-12 19:04:44,2021-04-12 17:34:44,2021-04-12 20:34:44,2021-04-12 17:34:44,2021-04-12 20:34:44,361,361,1.0,90.0,90.0,30.0,30.0,31.0,0,0,0,0,0,6,355,1.662049861495845,10.7,2.934903047091413,2.378573464639075,0,0,usable,none
dataset_003_event_00002,dataset_003,UPLINK-FADE_Fucino_GX4_AprJun2021.csv,2021-04-27 22:54:47,2021-04-27 21:24:47,2021-04-28 00:24:47,2021-04-27 21:24:47,2021-04-28 00:24:47,361,361,1.0,90.0,90.0,30.0,30.0,35.0,0,0,0,0,0,2,359,0.554016620498615,10.1,2.7927977839335183,2.4697397941203727,0,0,usable,none
dataset_003_event_00003,dataset_003,UPLINK-FADE_Fucino_GX4_AprJun2021.csv,2021-04-29 15:45:03,2021-04-29 14:15:03,2021-04-29 17:15:03,2021-04-29 14:15:03,2021-04-29 17:15:03,361,361,1.0,90.0,90.0,30.0,30.0,32.0,0,0,0,0,0,1,360,0.2770083102493075,10.4,0.9573407202216067,1.1175407612394734,0,0,usable,none
dataset_003_event_00004,dataset_003,UPLINK-FADE_Fucino_GX4_AprJun2021.csv,2021-05-11 23:24:09,2021-05-11 21:54:09,2021-05-12 00:54:09,2021-05-11 21:54:09,2021-05-12 00:54:09,361,361,1.0,90.0,90.0,30.0,30.0,33.0,0,0,0,0,0,6,355,1.662049861495845,10.6,2.2975069252077565,2.2518928804654093,0,0,usable,none
dataset_003_event_00005,dataset_003,UPLINK-FADE_Fucino_GX4_AprJun2021.csv,2021-06-05 12:34:05,2021-06-05 11:04:05,2021-06-05 14:04:05,2021-06-05 11:04:37,2021-06-05 14:04:05,360,361,0.997229916897507,89.46666666666667,90.0,28.0,29.99442896935933,33.0,0,0,0,0,0,17,343,4.722222222222222,20.8,2.7455555555555557,3.4685265705658277,0,0,usable,none
dataset_003_event_00006,dataset_003,UPLINK-FADE_Fucino_GX4_AprJun2021.csv,2021-06-06 18:29:04,2021-06-06 16:59:04,2021-06-06 19:59:04,2021-06-06 16:59:04,2021-06-06 19:59:04,361,361,1.0,90.0,90.0,30.0,30.0,35.0,0,0,0,0,0,12,349,3.32409972299169,13.5,3.242105263157895,2.804242817192865,0,0,usable,none
dataset_003_event_00007,dataset_003,UPLINK-FADE_Fucino_GX4_AprJun2021.csv,2021-06-07 19:23:41,2021-06-07 17:53:41,2021-06-07 20:53:41,2021-06-07 17:54:07,2021-06-07 20:53:41,360,361,0.9916897506925207,89.56666666666666,90.0,30.0,30.011142061281337,37.0,0,0,0,2,0,37,323,10.277777777777777,22.3,4.385885012919896,4.421199906201953,2,2,usable,small_gap_imputed
dataset_003_event_00008,dataset_003,UPLINK-FADE_Fucino_GX4_AprJun2021.csv,2021-06-08 14:29:09,2021-06-08 12:59:09,2021-06-08 15:59:09,2021-06-08 12:59:09,2021-06-08 15:58:43,360,361,0.997229916897507,90.0,89.56666666666666,33.0,30.011142061281337,34.0,0,0,0,0,0,62,298,17.22222222222222,30.5,6.5344444444444445,5.858939052543346,0,0,usable,none
dataset_004_event_00001,dataset_004,UPLINK-FADE_Fucino_GX5_AprJun2021.csv,2021-04-27 22:19:17,2021-04-27 20:49:17,2021-04-27 23:49:17,2021-04-27 20:49:45,2021-04-27 23:48:46,359,361,0.9944598337950139,89.53333333333333,89.48333333333333,30.0,30.002793296089386,33.0,0,0,0,0,0,1,358,0.2785515320334262,10.1,2.183565459610028,1.467195321803877,0,0,usable,none
dataset_004_event_00002,dataset_004,UPLINK-FADE_Fucino_GX5_AprJun2021.csv,2021-06-05 12:31:34,2021-06-05 11:01:34,2021-06-05 14:01:34,2021-06-05 11:02:04,2021-06-05 14:01:34,360,361,0.997229916897507,89.5,90.0,30.0,30.0,35.0,0,0,0,0,0,4,356,1.1111111111111112,13.8,3.3247222222222224,1.713724683346948,0,0,usable,none
dataset_004_event_00003,dataset_004,UPLINK-FADE_Fucino_GX5_AprJun2021.csv,2021-06-06 18:25:40,2021-06-06 16:55:40,2021-06-06 19:55:40,2021-06-06 16:55:40,2021-06-06 19:55:11,360,361,0.997229916897507,90.0,89.51666666666667,30.0,30.002785515320333,35.0,0,0,0,0,0,9,351,2.5,12.5,3.827777777777778,1.9484457217033317,0,0,usable,none
dataset_004_event_00004,dataset_004,UPLINK-FADE_Fucino_GX5_AprJun2021.csv,2021-06-07 19:13:20,2021-06-07 17:43:20,2021-06-07 20:43:20,2021-06-07 17:43:20,2021-06-07 20:42:52,360,361,0.9916897506925207,90.0,89.53333333333333,30.0,30.00557103064067,36.0,0,0,0,2,0,7,353,1.9444444444444444,16.0,3.803472222222222,2.0570133850022985,2,1,usable,small_gap_imputed
dataset_004_event_00005,dataset_004,UPLINK-FADE_Fucino_GX5_AprJun2021.csv,2021-06-08 14:08:04,2021-06-08 12:38:04,2021-06-08 15:38:04,2021-06-08 12:38:13,2021-06-08 15:37:28,360,361,0.9861495844875346,89.85,89.4,30.0,29.958217270194986,35.0,0,0,0,4,0,26,334,7.222222222222221,11.8,5.392005214070647,2.7098822417257944,4,2,usable,small_gap_imputed
dataset_004_event_00006,dataset_004,UPLINK-FADE_Fucino_GX5_AprJun2021.csv,2021-06-16 10:52:18,2021-06-16 09:22:18,2021-06-16 12:22:18,2021-06-16 09:22:18,2021-06-16 12:21:52,364,361,1.0,90.0,89.56666666666666,28.0,29.68044077134986,36.0,0,0,0,0,0,2,362,0.5494505494505495,28.1,2.5662087912087914,1.4684134052568198,0,0,usable,none
dataset_004_event_00007,dataset_004,UPLINK-FADE_Fucino_GX5_AprJun2021.csv,2021-06-18 17:25:38,2021-06-18 15:55:38,2021-06-18 18:55:38,2021-06-18 15:55:46,2021-06-18 18:55:17,362,361,1.0,89.86666666666666,89.65,30.0,29.83656509695291,34.0,0,0,0,0,0,1,361,0.2762430939226519,12.9,2.8917127071823203,0.6545285210166398,0,0,usable,none
dataset_001_event_00001,dataset_001,DOWNLINK-FADE_Fucino_GX4_MarJun2021.csv,2021-06-05 12:37:05,2021-06-05 11:07:05,2021-06-05 14:07:05,2021-06-05 11:07:05,2021-06-05 14:07:05,361,361,1.0,90.0,90.0,30.0,30.0,33.0,0,0,0,0,0,4,357,1.10803324099723,10.4,1.3745152354570638,1.7283305530082145,0,0,usable,none
dataset_001_event_00002,dataset_001,DOWNLINK-FADE_Fucino_GX4_MarJun2021.csv,2021-06-07 19:30:41,2021-06-07 18:00:41,2021-06-07 21:00:41,2021-06-07 18:01:07,2021-06-07 21:00:41,360,361,0.9916897506925207,89.56666666666666,90.0,30.0,30.011142061281337,37.0,0,0,0,2,0,4,356,1.1111111111111112,11.2,2.199748062015504,2.2070786543245187,2,2,usable,small_gap_imputed
dataset_001_event_00003,dataset_001,DOWNLINK-FADE_Fucino_GX4_MarJun2021.csv,2021-06-08 14:39:43,2021-06-08 13:09:43,2021-06-08 16:09:43,2021-06-08 13:09:43,2021-06-08 16:09:43,361,361,1.0,90.0,90.0,30.0,30.0,34.0,0,0,0,0,0,19,342,5.263157894736842,15.2,3.334626038781164,2.8848922445287832,0,0,usable,none
dataset_001_event_00004,dataset_001,DOWNLINK-FADE_Fucino_GX4_MarJun2021.csv,2021-07-16 16:52:28,2021-07-16 15:22:28,2021-07-16 18:22:28,2021-07-16 15:22:28,2021-07-16 18:22:28,361,361,1.0,90.0,90.0,30.0,30.0,35.0,0,0,0,0,0,59,302,16.343490304709142,19.3,4.665373961218836,4.6157692191837905,0,0,usable,none
dataset_001_event_00005,dataset_001,DOWNLINK-FADE_Fucino_GX4_MarJun2021.csv,2021-07-18 12:43:00,2021-07-18 11:13:00,2021-07-18 14:13:00,2021-07-18 11:13:00,2021-07-18 14:12:33,360,361,0.997229916897507,90.0,89.55,31.0,30.008356545961004,33.0,0,0,0,0,0,17,343,4.722222222222222,21.2,2.8127777777777783,3.3429263539392164,0,0,usable,none
dataset_002_event_00001,dataset_002,DOWNLINK-FADE_Fucino_GX5_AprJun2021.csv,2021-06-16 10:52:42,2021-06-16 09:22:42,2021-06-16 12:22:42,2021-06-16 09:22:51,2021-06-16 12:22:19,364,361,1.0,89.85,89.61666666666666,28.0,29.663911845730027,36.0,0,0,0,0,0,1,363,0.27472527472527475,13.4,1.091208791208791,0.699570643868596,0,0,usable,none
