scope,dataset_name,signal_threshold,total_points,points_at_or_above_threshold,points_below_threshold,pct_at_or_above_threshold,pct_below_threshold
dataset,DOWNLINK-FADE_Fucino_GX4_MarJun2021.csv,10.0,1803,103,1700,5.712701053799223,94.28729894620078
dataset,DOWNLINK-FADE_Fucino_GX5_AprJun2021.csv,10.0,364,1,363,0.27472527472527475,99.72527472527473
dataset,UPLINK-FADE_Fucino_GX4_AprJun2021.csv,10.0,2885,143,2742,4.956672443674177,95.04332755632582
dataset,UPLINK-FADE_Fucino_GX5_AprJun2021.csv,10.0,2525,50,2475,1.9801980198019802,98.01980198019803
dataset,dati_meteo_beacon.csv,10.0,3905,296,3609,7.580025608194623,92.41997439180538
dataset,fc-downlink-fade.csv,10.0,3794,182,3612,4.797047970479705,95.20295202952029
dataset,fc-uplink-fade.csv,10.0,8961,702,8259,7.833947104117844,92.16605289588216
dataset,uplink_beacon_data_fucino_GX4.csv,10.0,12070,1109,10961,9.188069594034797,90.8119304059652
global,ALL,10.0,36307,2586,33721,7.122593439281681,92.87740656071833
