scope,dataset_name,signal_threshold,total_points,points_above_threshold,points_below_or_equal_threshold,pct_above_threshold,pct_below_or_equal_threshold
dataset,DOWNLINK-FADE_Fucino_GX4_MarJun2021.csv,10.0,1803,102,1701,5.657237936772046,94.34276206322795
dataset,DOWNLINK-FADE_Fucino_GX5_AprJun2021.csv,10.0,364,1,363,0.27472527472527475,99.72527472527473
dataset,UPLINK-FADE_Fucino_GX4_AprJun2021.csv,10.0,2885,139,2746,4.818024263431543,95.18197573656846
dataset,UPLINK-FADE_Fucino_GX5_AprJun2021.csv,10.0,2525,46,2479,1.8217821782178216,98.17821782178217
dataset,dati_meteo_beacon.csv,10.0,3905,296,3609,7.580025608194623,92.41997439180538
dataset,fc-downlink-fade.csv,10.0,3794,182,3612,4.797047970479705,95.20295202952029
dataset,fc-uplink-fade.csv,10.0,8962,689,8273,7.688016067841999,92.311983932158
dataset,uplink_beacon_data_fucino_GX4.csv,10.0,12070,1087,10983,9.005799502899752,90.99420049710025
global,ALL,10.0,36308,2542,33766,7.001211854136829,92.99878814586317
